date,"Fairfield, CT","Hartford, CT","Litchfield, CT","New Haven, CT","Bergen, NJ","Hudson, NJ","Monmouth, NJ","Morris, NJ","Nassau, NY","Suffolk, NY","Westchester, NY","NYC, NY"
2020-01-13,-1.24,-0.46499999999999997,-4.390000000000001,0.457,0.792,2.23,1.48,-3.9899999999999998,-3.93,-1.39,0.20600000000000002,-0.155
2020-01-14,-0.8370000000000001,-0.7000000000000001,8.91,0.592,1.03,13.4,1.3,-3.1199999999999997,-3.35,-0.897,0.107,0.122
2020-01-15,4.78,11.3,9.85,9.48,1.27,10.9,9.43,-2.25,4.52,8.75,11.3,0.39899999999999997
2020-01-16,-0.252,-1.17,0.178,0.8630000000000001,1.51,2.07,0.958,-1.38,-2.19,0.0945,-0.092,0.676
2020-01-17,-0.0696,-2.77,-0.575,-0.27899999999999997,1.18,1.6099999999999999,-2.71,-2.42,-2.2399999999999998,0.889,-1.79,-0.779
2020-01-18,-0.443,-2.18,-0.9979999999999999,0.297,1.82,0.5539999999999999,-0.9299999999999999,-0.9199999999999999,-1.72,0.9820000000000001,-2.81,-0.7939999999999999
2020-01-19,1.1900000000000002,-1.8800000000000001,2.94,1.27,2.23,1.9,0.439,1.24,-0.44999999999999996,1.58,-0.38999999999999996,1.51
2020-01-20,3.88,-2.69,2.35,-1.44,-1.3599999999999999,-1.24,-2.46,0.27299999999999996,-2.36,-0.189,-4.75,-0.976
2020-01-21,5.83,-6.01,10.5,-1.08,-5.779999999999999,-3.0300000000000002,-4.53,-2.41,-4.79,-4.12,-5.75,-2.37
2020-01-22,1.3,-5.41,2.6100000000000003,-2.76,-5.36,-1.1900000000000002,-4.3999999999999995,-2.8400000000000003,-1.09,-4.590000000000001,-5.3,-2.08
2020-01-23,3.45,0.265,3.2800000000000002,1.27,0.41200000000000003,3.7900000000000005,-0.149,2.1399999999999997,3.85,-1.1199999999999999,0.257,0.6799999999999999
2020-01-24,3.8699999999999997,3.81,4.53,3.3000000000000003,0.985,3.16,3.8899999999999997,3.36,9.44,1.39,3.18,1.69
2020-01-25,2.92,2.13,5.58,-0.47200000000000003,-1.0999999999999999,2.26,0.675,3.6700000000000004,7.9,0.8290000000000001,3.9600000000000004,2.07
2020-01-26,1.44,1.87,2.17,-1.76,-0.951,-0.5640000000000001,-0.59,1.52,7.07,1.11,0.742,0.0585
2020-01-27,-1.4500000000000002,-1.46,-1.82,-5.0200000000000005,-3.1399999999999997,-3.18,-2.96,0.594,6.08,-0.9690000000000001,-1.39,0.0619
2020-01-28,-4.82,-3.0300000000000002,1.76,-8.77,-5.609999999999999,-3.9600000000000004,-2.82,-1.3599999999999999,3.9899999999999998,0.217,-3.61,-0.605
2020-01-29,-3.19,-5.7,-8.02,-5.59,-5.48,-5.06,-2.6599999999999997,-0.313,3.19,-1.54,-5.779999999999999,-0.63
2020-01-30,-1.44,-5.949999999999999,-2.33,-3.35,-3.2399999999999998,-6.34,-0.83,3.9699999999999998,-2.94,0.186,-4.72,0.594
2020-01-31,-1.18,-4.75,1.7399999999999998,-3.2199999999999998,-1.37,-4.18,0.185,4.77,-2.22,1.2,-2.63,0.906
2020-02-01,0.8500000000000001,-0.34199999999999997,1.96,0.5369999999999999,0.255,-2.48,-0.212,3.83,-1.17,1.26,-0.5519999999999999,0.27899999999999997
2020-02-02,-0.9079999999999999,0.264,0.726,0.16199999999999998,-1.78,-3.55,-1.49,2.42,-1.9800000000000002,-0.692,-0.625,-1.09
2020-02-03,-0.744,0.614,0.951,-0.376,-1.6,-5.2299999999999995,-1.34,1.67,-0.09990000000000002,-0.266,-0.11299999999999999,-0.928
2020-02-04,-2.63,-0.58,3.6700000000000004,-0.179,-2.68,-5.72,-1.0999999999999999,0.494,-0.23900000000000002,-1.31,-0.607,-2.3
2020-02-05,-1.83,0.901,7.06,-0.609,-2.04,-5.21,0.161,0.0841,0.532,-0.066,-1.9300000000000002,-3.18
2020-02-06,-2.29,-0.104,2.4899999999999998,-2.87,-2.97,-5.35,-0.707,-1.0999999999999999,-2.75,-1.71,-5.07,-3.54
2020-02-07,-1.83,0.46699999999999997,-1.0699999999999998,-2.15,-3.7199999999999998,-4.15,-2.09,0.365,-5.58,-2.86,-6.4,-4.06
2020-02-08,-2.34,-1.16,-3.9,-2.7199999999999998,-3.6999999999999997,-3.1300000000000003,0.744,3.5700000000000003,-4.6,-1.72,-6.950000000000001,-4.25
2020-02-09,-0.08220000000000001,-1.59,-3.27,-1.0999999999999999,-1.63,-1.02,1.7999999999999998,6.25,-3.1300000000000003,0.0692,-6.069999999999999,-3.27
2020-02-10,-1.29,-1.71,-5.87,-3.85,-1.8800000000000001,4.18,2.5700000000000003,4.63,-5.88,-1.3299999999999998,-9.34,-5.48
2020-02-11,-0.653,-3.3300000000000005,-4.45,-5.37,-1.44,2.11,0.743,3.3000000000000003,-5.6899999999999995,-1.6099999999999999,-9.19,-4.79
2020-02-12,2.6,-0.384,-6.859999999999999,-2.1399999999999997,1.78,4.44,1.67,6.3100000000000005,-3.9600000000000004,-0.0673,-2.8899999999999997,-3.45
2020-02-13,2.5700000000000003,1.26,-5.24,0.0508,0.9169999999999999,5.41,-0.413,4.47,-3.02,-0.216,0.294,-2.35
2020-02-14,1.6500000000000001,0.9199999999999999,-5.52,0.0723,0.125,3.94,-1.17,3.2099999999999995,-1.17,-0.865,0.647,-1.38
2020-02-15,0.336,-0.8290000000000001,-2.78,0.27999999999999997,-0.7779999999999999,1.82,-2.31,1.39,-1.68,-2.02,0.384,-0.331
2020-02-16,-0.634,0.701,-1.5,-0.10200000000000001,-1.41,1.24,-2.1399999999999997,0.9769999999999999,-2.86,-2.11,1.37,0.0385
2020-02-17,0.211,2.42,2.13,3.4299999999999997,-0.9369999999999999,-2.93,-3.9600000000000004,2.71,-3.8600000000000003,-1.15,3.94,1.72
2020-02-18,5.4,2.74,9.6,5.59,-1.5699999999999998,-3.45,-4.25,3.71,-4.92,-2.4299999999999997,3.36,0.9369999999999999
2020-02-19,-0.304,-1.32,-2.13,-0.514,-5.86,-5.28,-5.82,-1.27,-5.35,-3.39,0.611,0.668
2020-02-20,-3.01,-6.510000000000001,-4.22,-2.65,-3.49,-5.48,-2.85,-0.692,-3.2099999999999995,-2.4,-0.327,-1.18
2020-02-21,-2.21,-6.98,-2.93,-1.9,-2.1999999999999997,-5.52,-2.13,0.5700000000000001,-3.56,-0.932,0.14300000000000002,-2.04
2020-02-22,-0.48900000000000005,-4.62,-2.5700000000000003,-1.82,-1.38,-4.37,-0.654,0.987,-6.660000000000001,-1.24,-0.333,-2.09
2020-02-23,0.135,-4,-2.98,-1.06,-0.27999999999999997,-3.6799999999999997,-0.653,1.06,-5.45,-0.357,-0.394,-1.47
2020-02-24,1.5699999999999998,-4.61,-2.92,1.04,2.3,-2.02,0.5890000000000001,4.42,-3.53,2.08,2.2399999999999998,-0.306
2020-02-25,-1.77,-2.56,-6.79,0.385,4.35,5.96,1.8900000000000001,7.62,-3.55,2.07,0.911,-0.35300000000000004
2020-02-26,1.73,-0.551,-4.15,2.62,5.86,6.29,1.9300000000000002,7.630000000000001,-3.9899999999999998,0.869,3.09,-2.0500000000000003
2020-02-27,0.6,-0.935,-2.4899999999999998,2.58,3.9899999999999998,7.91,0.201,6.72,-5.2299999999999995,-0.33899999999999997,1.22,-1.25
2020-02-28,-1.7000000000000002,-1.55,-2.6100000000000003,0.23600000000000002,2.42,6.819999999999999,-1.35,3.51,-6.29,-2.67,-2.56,-2.02
2020-02-29,-0.8959999999999999,0.42100000000000004,-1.0699999999999998,1.91,3.7900000000000005,6.23,1.7500000000000002,5.28,-4.2299999999999995,-0.385,-1.25,0.808
2020-03-01,-2.19,-4.279999999999999,-3.42,1.1400000000000001,2.4,7.88,-1.26,3.1300000000000003,-3.2199999999999998,-1.95,-2.81,-2.67
2020-03-02,1.53,-2.79,0.5369999999999999,4.109999999999999,6.1,9.07,1.7000000000000002,6.1899999999999995,-1.72,-1.78,-1.4200000000000002,-1.25
2020-03-03,1.37,-3.8699999999999997,0.092,3.17,4.44,5.52,0.807,3.2300000000000004,-3.85,-2.93,-1.7000000000000002,0.438
2020-03-04,1.0999999999999999,-4.88,2.55,2.58,2.2800000000000002,5.04,-0.874,2.74,-4.92,-2.76,-2.54,-0.013300000000000001
2020-03-05,0.9560000000000001,-6.05,-0.369,1.49,2.93,6.12,-1.8900000000000001,3.88,-4.43,-2.06,-4.44,0.562
2020-03-06,0.8670000000000001,-5.38,-3.9800000000000004,1.9900000000000002,2.74,5.029999999999999,-2.5,3.3099999999999996,-5.13,-1.95,-7.5600000000000005,-0.461
2020-03-07,2.3800000000000003,-3.7699999999999996,-2.4299999999999997,1.67,4.03,1.63,-1.3299999999999998,3.9600000000000004,-3.83,0.188,-4.3,-0.363
2020-03-08,1.29,-2.31,-4.68,1.87,4.92,7.55,0.0301,4.51,-2.6599999999999997,2.2800000000000002,-5.08,2
2020-03-09,-1.8900000000000001,-5.12,-9.969999999999999,-1.5699999999999998,2.04,6.460000000000001,-2.19,0.108,-3.35,1.81,-7.180000000000001,0.123
2020-03-10,-1.13,-1.47,-8.63,0.9450000000000001,2.62,6.93,-0.357,-0.234,-1.72,4,-9.58,-2.3800000000000003
2020-03-11,-1.06,-0.325,-7.12,0.746,3.08,4.87,0.828,-2.04,-3.2,3.35,-10.9,-1.3299999999999998
2020-03-12,-0.1,3.92,-0.165,4.41,2.4899999999999998,3.44,4.46,-1.55,-1.27,5.800000000000001,-8.76,-1.01
2020-03-13,1.13,4.73,5.1499999999999995,6.54,3.65,1.68,6.859999999999999,-2.5700000000000003,-0.48900000000000005,8.780000000000001,-6.68,-0.8380000000000001
2020-03-14,-0.54,1.26,5.5,6.35,1.32,0.23600000000000002,5.970000000000001,-3.8,-2.75,7.109999999999999,-8.82,-0.392
2020-03-15,0.299,0.6799999999999999,11.799999999999999,5.58,-0.713,-4.77,3.5700000000000003,-5.319999999999999,-5.36,4.92,-8.28,-2.37
2020-03-16,-0.676,1.96,14.000000000000002,8.19,-1.49,-7.62,4.569999999999999,-3.9800000000000004,-3.7699999999999996,6.32,-7.06,-2.11
2020-03-17,-3.6799999999999997,-2.58,13.100000000000001,4.96,-2.04,-10.299999999999999,1.48,-5.33,-5.53,4.79,-7.48,-4.14
2020-03-18,-6.6000000000000005,-6.03,5,3.4299999999999997,-3.58,-11.3,0.367,-6.43,-6.94,3.58,-8.25,-12.3
2020-03-19,-10,-10.9,-1.32,-1.1400000000000001,-7.3999999999999995,-14.2,-8.81,-9.85,-10.6,-3.32,-9.34,-15.6
2020-03-20,-14.7,-13.600000000000001,-6.38,-4.25,-10.8,-18.4,-11.200000000000001,-10.100000000000001,-11.700000000000001,-4.52,-11.600000000000001,-18.9
2020-03-21,-17,-16.2,-10,-6.81,-13.100000000000001,-22.8,-14.299999999999999,-11.200000000000001,-13.600000000000001,-7.489999999999999,-15.5,-22.2
2020-03-22,-19.7,-16.900000000000002,-15.9,-9.66,-15.9,-24,-18.099999999999998,-13.200000000000001,-15.5,-9.49,-17.9,-25.5
2020-03-23,-22.2,-20.9,-20.599999999999998,-13.100000000000001,-20,-25.4,-20.8,-18.3,-18.7,-12.5,-21.2,-28.1
2020-03-24,-26.6,-23.5,-26.3,-20.1,-25,-26.6,-27.6,-20.7,-27.400000000000002,-19.1,-28.000000000000004,-30.8
2020-03-25,-28.599999999999998,-25.3,-27.500000000000004,-22.900000000000002,-28.499999999999996,-30.4,-31.3,-25.2,-28.1,-22,-31.6,-38.5
2020-03-26,-30.4,-28.299999999999997,-28.9,-25,-30.3,-33.800000000000004,-31.8,-27.900000000000002,-30.8,-23.7,-35.4,-39
2020-03-27,-33,-30.7,-31.2,-29.5,-33.6,-36.4,-34.8,-32.300000000000004,-34.5,-27.3,-39.1,-42.199999999999996
2020-03-28,-35.4,-32.800000000000004,-34.5,-32.7,-35.8,-36.8,-37.4,-36.9,-37.6,-29.7,-40.6,-43.1
2020-03-29,-37.2,-36.3,-34.5,-33.900000000000006,-36.3,-38.800000000000004,-36.9,-38.1,-38.5,-30.8,-41.5,-44
2020-03-30,-36.6,-36.1,-33.900000000000006,-32.800000000000004,-35.6,-38.4,-34.699999999999996,-36.5,-35.4,-28.299999999999997,-41.099999999999994,-42
2020-03-31,-36.8,-34.9,-31.2,-31.5,-33.900000000000006,-34.8,-32.800000000000004,-35.199999999999996,-33.4,-27,-39.6,-41.099999999999994
2020-04-01,-37,-33.300000000000004,-26.700000000000003,-32,-32.300000000000004,-34.5,-31.7,-31.4,-35.199999999999996,-25.2,-37.8,-39.1
2020-04-02,-36.8,-32.5,-25.6,-31.1,-31,-35.4,-30.8,-29.5,-35.6,-24.9,-37.8,-39.4
2020-04-03,-36.199999999999996,-32,-25.1,-31.1,-29.599999999999998,-33.2,-29.299999999999997,-27.900000000000002,-35.3,-23.7,-37.8,-37.3
2020-04-04,-36.1,-32.7,-25,-29.7,-28.7,-33.4,-28.799999999999997,-27.1,-33.4,-22.5,-37.8,-37.7
2020-04-05,-34.4,-31.4,-22.8,-28.4,-28.000000000000004,-32.300000000000004,-27.6,-25.4,-33.2,-22.1,-37.6,-37
2020-04-06,-33.4,-32.2,-23.3,-27.900000000000002,-27.700000000000003,-33.7,-28.4,-26.400000000000002,-34.300000000000004,-22.900000000000002,-37.3,-38.3
2020-04-07,-34.1,-33,-22.5,-28.7,-28.7,-37.8,-29.099999999999998,-26.900000000000002,-35,-23.3,-38.3,-38
2020-04-08,-33.2,-33.900000000000006,-24.8,-28.7,-28.799999999999997,-38.5,-29.5,-28.599999999999998,-34.2,-23.799999999999997,-39.800000000000004,-38.7
2020-04-09,-32.9,-33.4,-27.500000000000004,-28.799999999999997,-30.2,-39.2,-28.799999999999997,-29.4,-33.4,-22.7,-39,-38.800000000000004
2020-04-10,-32.1,-33.800000000000004,-29.2,-28.000000000000004,-30.599999999999998,-40.1,-28.1,-30.4,-33.300000000000004,-22,-39,-40
2020-04-11,-32,-33.2,-27.800000000000004,-27.900000000000002,-30.9,-40,-27.1,-29.4,-33.5,-21.2,-38.5,-40.1
2020-04-12,-34.5,-35.699999999999996,-33.2,-30.9,-31.6,-42.4,-29.9,-32.2,-35,-24.099999999999998,-40.2,-41.6
2020-04-13,-36,-36.199999999999996,-34.599999999999994,-32.4,-32.6,-41.6,-30.099999999999998,-31.5,-36,-25.5,-40.5,-41.4
2020-04-14,-34.9,-35.199999999999996,-34.300000000000004,-31.5,-31.2,-40.9,-29.099999999999998,-31.2,-34.8,-24.099999999999998,-38.9,-41.6
2020-04-15,-33.7,-33.7,-30.7,-28.299999999999997,-29.599999999999998,-40.300000000000004,-27.800000000000004,-31.4,-32.5,-20.4,-37.7,-40.5
2020-04-16,-31.900000000000002,-32.6,-27.6,-27.1,-27.800000000000004,-38.4,-27.200000000000003,-30.2,-32.1,-18.5,-38.6,-40.300000000000004
2020-04-17,-31,-31,-24.8,-26.400000000000002,-25.8,-36.5,-26.200000000000003,-27.400000000000002,-30.7,-17.599999999999998,-37.8,-38.9
2020-04-18,-30,-30,-22.3,-26.200000000000003,-24.7,-36.3,-26,-27,-30.5,-17.4,-38.4,-37.6
2020-04-19,-28.799999999999997,-27.400000000000002,-20.4,-24.2,-23.9,-33,-23.200000000000003,-24.099999999999998,-28.199999999999996,-14.499999999999998,-37.7,-35.6
2020-04-20,-27.500000000000004,-26.900000000000002,-17.4,-23.1,-22.8,-32.2,-22.900000000000002,-23.799999999999997,-25.900000000000002,-12.8,-37.4,-34.699999999999996
2020-04-21,-25.6,-24.2,-13.200000000000001,-21.2,-20.9,-29.599999999999998,-19.7,-20.200000000000003,-22.900000000000002,-8.59,-36.6,-31.900000000000002
2020-04-22,-26.6,-25.5,-15.5,-22.8,-20.5,-27.1,-19.3,-19.6,-23.5,-10.299999999999999,-37.4,-32.1
2020-04-23,-28.9,-25.7,-13.5,-25.2,-21.3,-26.8,-20.1,-20.3,-23.9,-12,-35.9,-32.5
2020-04-24,-29.799999999999997,-27.6,-12.3,-25.5,-22.6,-27.900000000000002,-22.400000000000002,-21.9,-25.5,-13.700000000000001,-33.6,-34.1
2020-04-25,-29.9,-30,-12.4,-25.2,-22.3,-28.1,-22.8,-21.4,-26,-14.2,-32.800000000000004,-33.800000000000004
2020-04-26,-28.9,-30.3,-9.74,-25,-20.7,-28.799999999999997,-23.5,-22.7,-26.400000000000002,-13.100000000000001,-31.8,-34
2020-04-27,-28.000000000000004,-29.7,-8.53,-23,-19,-27.3,-20.9,-21.7,-25.900000000000002,-11.600000000000001,-29.2,-32.800000000000004
2020-04-28,-28.7,-29.7,-13.5,-24,-20,-27.700000000000003,-22.8,-22.7,-27.700000000000003,-14.6,-28.999999999999996,-33.7
2020-04-29,-26.3,-27.500000000000004,-8.14,-22.3,-20.5,-26.900000000000002,-22.6,-18.5,-26.8,-14.2,-26.5,-32.2
2020-04-30,-24.6,-26.6,-11.899999999999999,-18.6,-18,-26.6,-21.7,-17.2,-24.8,-13.200000000000001,-28.199999999999996,-30.2
2020-05-01,-24.2,-25.4,-13.900000000000002,-16.1,-16.7,-24.7,-18.3,-16.5,-23.7,-10.299999999999999,-28.4,-27
2020-05-02,-22.6,-21.9,-14.799999999999999,-13.8,-16.400000000000002,-24.9,-17.5,-17.2,-21.6,-7.71,-26.6,-25.4
2020-05-03,-20.8,-20,-12.9,-10.8,-15.7,-21.9,-14.6,-15.8,-20.599999999999998,-5.82,-24.9,-23
2020-05-04,-19.6,-17.7,-14.6,-10.299999999999999,-15.6,-21.8,-13.900000000000002,-14.799999999999999,-18.6,-3.58,-23.599999999999998,-21.8
2020-05-05,-18.9,-17.8,-12.6,-9.569999999999999,-14.6,-21.9,-12.7,-16.1,-17.9,-1.77,-23.799999999999997,-20.9
2020-05-06,-19.2,-16.8,-16.1,-10.100000000000001,-12.1,-23.5,-11.1,-17,-17.299999999999997,-0.8,-23.7,-21.6
2020-05-07,-18.7,-16.400000000000002,-13.100000000000001,-10.5,-12.9,-22,-9.3,-16.3,-16.2,0.5780000000000001,-21.6,-21.3
2020-05-08,-17.8,-16.2,-11.700000000000001,-10.9,-12.2,-22.1,-9.33,-16.2,-15.299999999999999,0.459,-23.599999999999998,-22.5
2020-05-09,-17.4,-16.5,-12.8,-10.6,-10.7,-20.1,-7.55,-14.7,-15.2,1.4200000000000002,-25.2,-23.799999999999997
2020-05-10,-17.8,-18.4,-14.6,-12.1,-11.5,-22.2,-8.76,-13.700000000000001,-16,-0.391,-26.700000000000003,-26
2020-05-11,-18.099999999999998,-19.6,-13.900000000000002,-13.900000000000002,-13.700000000000001,-23.3,-11.1,-17.2,-19,-4.63,-31.2,-28.000000000000004
2020-05-12,-19.400000000000002,-19.3,-17.2,-15.1,-14.6,-23.3,-10.6,-16.2,-19.8,-5.86,-32.300000000000004,-29.099999999999998
2020-05-13,-19.900000000000002,-20.5,-16.900000000000002,-13.8,-15.8,-22.7,-10.5,-15.5,-19.900000000000002,-4.83,-32.5,-27.800000000000004
2020-05-14,-18.5,-21.099999999999998,-19.6,-14.499999999999998,-15.2,-22.6,-11.200000000000001,-14.399999999999999,-19.400000000000002,-4.44,-32.6,-27
2020-05-15,-17.8,-17.9,-19,-14.099999999999998,-15,-22.8,-11.1,-13.700000000000001,-19.6,-4.390000000000001,-30.7,-26
2020-05-16,-18.3,-17.299999999999997,-15.7,-15.299999999999999,-15.1,-23.1,-10.9,-13,-19.3,-4.74,-29.9,-25.1
2020-05-17,-19,-16,-14.7,-14.499999999999998,-13.4,-22.2,-9.700000000000001,-13.100000000000001,-18.4,-2.8899999999999997,-29.099999999999998,-24.2
2020-05-18,-17.9,-13.900000000000002,-12.8,-12,-10.100000000000001,-19.1,-6.260000000000001,-9.51,-15.8,-2.4299999999999997,-25.7,-22.5
2020-05-19,-17,-15.6,-12.1,-11.600000000000001,-8.77,-19.5,-6.6000000000000005,-10,-15.1,3.02,-25.7,-22.400000000000002
2020-05-20,-16.3,-14.7,-11.1,-10.5,-8.07,-19.1,-5.46,-10.299999999999999,-14.099999999999998,2.77,-24.3,-22.7
2020-05-21,-18.3,-14.299999999999999,-9.6,-9.46,-7.630000000000001,-19.7,-3.19,-11.3,-13.8,2.92,-23.200000000000003,-23.1
2020-05-22,-18,-16.1,-8.48,-9.29,-6.819999999999999,-18,-1.97,-10.6,-11.200000000000001,2.96,-21.5,-23.200000000000003
2020-05-23,-18.4,-14.499999999999998,-8.58,-7.61,-7.07,-17.2,-1.5599999999999998,-11.1,-11.600000000000001,1.76,-21.7,-23.7
2020-05-24,-17.299999999999997,-14.2,-7.42,-7.57,-8.35,-19.1,-1.76,-11,-11.1,0.292,-21.7,-23.9
2020-05-25,-18.9,-17.7,-9.69,-10.100000000000001,-11.4,-23.3,-1.4200000000000002,-11.3,-13.200000000000001,-2.81,-21.6,-24
2020-05-26,-15.8,-15.7,-5.319999999999999,-7.430000000000001,-11.700000000000001,-21.7,-2.06,-10.299999999999999,-13.600000000000001,-2.3,-21.3,-24.2
2020-05-27,-17,-12.6,1.1199999999999999,-4.34,-8.76,-20.5,1.37,-11.3,-10.8,-0.45399999999999996,-17.1,-21.8
2020-05-28,-16.900000000000002,-16.1,-9.71,-8.97,-11.600000000000001,-21.2,-3.64,-11.5,-14.099999999999998,-4.2,-20.4,-23.799999999999997
2020-05-29,-17.5,-13.8,-9.33,-8.219999999999999,-11.600000000000001,-21.3,-4.1000000000000005,-10.8,-15.5,-2.82,-21.6,-23.5
2020-05-30,-16.900000000000002,-14.7,-11.200000000000001,-8.5,-11.700000000000001,-21.3,-3.91,-9.83,-15.299999999999999,-2.35,-20.1,-22.900000000000002
2020-05-31,-16.6,-14.399999999999999,-11.4,-9.139999999999999,-12.8,-20.7,-5.050000000000001,-11.799999999999999,-15.7,-2.2399999999999998,-19.1,-24
2020-06-01,-13.100000000000001,-12.1,-6.2,-5.99,-10.100000000000001,-18.8,-2.87,-9.139999999999999,-12.7,-1.22,-17.5,-21.8
2020-06-02,-14.7,-7.9799999999999995,-8.62,-6.84,-7.08,-15.7,-1.7999999999999998,-8.32,-12.1,0.869,-15.7,-20.1
2020-06-03,-14.2,-4.64,-7.829999999999999,-7.1,-8.02,-15.299999999999999,-1.06,-9.98,-13.8,1.05,-16.400000000000002,-18.4
2020-06-04,-11.1,-2.17,-2.42,-5.3,-7.03,-14.799999999999999,-0.404,-8.25,-14.799999999999999,1.15,-19.3,-19.3
2020-06-05,-10.100000000000001,-3.1199999999999997,-2.63,-4.64,-5.92,-13.700000000000001,-1.0699999999999998,-7.430000000000001,-14.499999999999998,1.3299999999999998,-19.400000000000002,-18.8
2020-06-06,-9.09,-2.1399999999999997,0.219,-3.17,-4.72,-13.3,-0.901,-6.88,-13.4,2.4699999999999998,-20.200000000000003,-18
2020-06-07,-9.04,-2.29,0.755,-1.22,-3.2800000000000002,-12.2,1.09,-5.01,-11.200000000000001,4.05,-21.3,-15.9
2020-06-08,-10.5,-2.07,-2.62,-1.66,-3.1199999999999997,-13.100000000000001,1.16,-5.29,-12.8,4.29,-22.900000000000002,-16.400000000000002
2020-06-09,-10.8,-2.3800000000000003,-2.21,-1.1199999999999999,-4.75,-14.2,0.47600000000000003,-6.660000000000001,-13.200000000000001,2.87,-22.6,-17.599999999999998
2020-06-10,-10.5,-4.9799999999999995,-2.2800000000000002,-0.367,-2.9000000000000004,-12.5,2.85,-5.57,-10.5,3.94,-21.8,-17.9
2020-06-11,-9.030000000000001,-4.17,-2.3,0.598,-3.64,-13,2.2399999999999998,-3.92,-7.71,4.9799999999999995,-20,-16.8
2020-06-12,-8.38,-4.04,-5.66,0.715,-4.5,-13.600000000000001,1.52,-4.6899999999999995,-7.23,4.2700000000000005,-20.200000000000003,-17.5
2020-06-13,-8.260000000000002,-4.109999999999999,-7.8,0.695,-4.35,-13,1.39,-6.4799999999999995,-6.619999999999999,4.35,-19.3,-18.099999999999998
2020-06-14,-9.049999999999999,-3.2199999999999998,-9.120000000000001,1.7999999999999998,-3.85,-12.2,-0.439,-6.93,-8.25,3.83,-18.4,-18.6
2020-06-15,-8.33,-3.3099999999999996,-9.06,1.39,-3.0300000000000002,-12.9,-0.43099999999999994,-6.18,-6.69,3.5900000000000003,-18.5,-18.6
2020-06-16,-7.79,-3.3000000000000003,-10.2,2.27,-0.158,-10.4,1.91,-4.83,-4.760000000000001,5.67,-16.6,-16.7
2020-06-17,-7.6,-3.52,-8.84,2.3800000000000003,-0.384,-10.6,1.5699999999999998,-5.34,-4.82,5.38,-16.400000000000002,-17.1
2020-06-18,-7.049999999999999,-4.12,-5,3.15,1.32,-7.870000000000001,5.7,-6.01,-4.5,6.92,-15,-15.8
2020-06-19,-5.58,-2.77,-5.08,2.45,2.53,-8.01,7.580000000000001,-6.5600000000000005,-3.06,9.229999999999999,-12.4,-14.000000000000002
2020-06-20,-6.6000000000000005,-1.5599999999999998,-2.96,3.0300000000000002,3.32,-6.3,10.4,-2.06,-3.9800000000000004,10.8,-10.5,-12.7
2020-06-21,-7.720000000000001,-1.58,-3.16,1.2,4.55,-4.78,12.4,-1.11,-1.79,11.899999999999999,-10.6,-13.200000000000001
2020-06-22,-7.3999999999999995,-0.201,-1.23,2.87,3.91,-4.15,13.600000000000001,-1.24,-1.0699999999999998,13.700000000000001,-9.8,-12.1
2020-06-23,-7.3999999999999995,-1.9900000000000002,-2.12,2.71,2.19,-5.220000000000001,12.2,-1,-0.374,13.700000000000001,-11.5,-12.5
2020-06-24,-7.17,-1.6400000000000001,-3.6999999999999997,1.47,4.54,-3.2099999999999995,11.3,-1.22,0.197,14.299999999999999,-11.1,-13.3
2020-06-25,-9.56,-1.91,-8.16,-0.577,3.37,-3.8,8.92,0.49300000000000005,-1.06,13.600000000000001,-12.7,-13.600000000000001
2020-06-26,-11.200000000000001,-3.44,-7.630000000000001,-0.864,3.44,-5.72,9.959999999999999,2.31,-1.46,11.700000000000001,-12.9,-13.3
2020-06-27,-11,-4.31,-7.580000000000001,-2.13,2.64,-6.4399999999999995,7.9,-0.47600000000000003,-0.701,10.299999999999999,-14.899999999999999,-13.200000000000001
2020-06-28,-10.100000000000001,-4.93,-7.35,-2.37,1.66,-10.7,7.180000000000001,-0.396,-2.55,9.27,-15,-11.1
2020-06-29,-9.25,-6.2,-9.04,-1.55,2.4299999999999997,-13.8,8.05,0.7779999999999999,-2.11,7.9799999999999995,-12.3,-9.35
2020-06-30,-8.88,-5.3,-6.63,-0.264,5.680000000000001,-12.3,11.700000000000001,1.03,-1.55,9.47,-10.5,-7.969999999999999
2020-07-01,-7.180000000000001,-6.15,-6.239999999999999,0.8420000000000001,3.42,-11.899999999999999,13.3,3.5999999999999996,-2.39,9.22,-11.200000000000001,-6
2020-07-02,-4.16,-4.54,-4.89,1.94,5.84,-11.200000000000001,13.900000000000002,2.91,-1.5699999999999998,9.790000000000001,-9.959999999999999,-5.72
2020-07-03,-4.9399999999999995,-3.6999999999999997,-8.16,2,4.24,-7.920000000000001,11.1,0.7969999999999999,-4.67,7.739999999999999,-11.1,-5.79
2020-07-04,-0.638,-4.109999999999999,-4.02,3.64,7.779999999999999,-11.1,15.299999999999999,4.54,-0.45799999999999996,9.719999999999999,-7.090000000000001,-4.35
2020-07-05,-1.8599999999999999,-2.29,-0.551,4.17,7.870000000000001,-7.24,16.6,5.36,0.42500000000000004,11.1,-7.99,-4.04
2020-07-06,-3.1,-2.12,1.47,3.64,9.25,-3.9600000000000004,16.400000000000002,3.15,-0.193,12.4,-10.100000000000001,-4.390000000000001
2020-07-07,-4.19,-1.17,2.19,2.5100000000000002,6.94,-3.2099999999999995,14.899999999999999,2.13,-1.0999999999999999,11.200000000000001,-11.600000000000001,-5.19
2020-07-08,-6.6000000000000005,-1.8800000000000001,3.08,1.58,6.7299999999999995,-5.27,14.000000000000002,1.25,-2.25,9.89,-11.1,-6.58
2020-07-09,-7.89,-2.48,5.99,2.07,6.11,-6.2700000000000005,14.099999999999998,0.585,-1.78,8.63,-11.200000000000001,-6.260000000000001
2020-07-10,-8.73,-2.5,8.08,3.11,4.75,-6.23,11.1,-1.7399999999999998,-3.05,6.959999999999999,-12.8,-8.44
2020-07-11,-7.359999999999999,-5.12,10.4,3.83,4.81,-6.78,11.4,-0.851,-2.94,7.1,-11.799999999999999,-8.41
2020-07-12,-6.12,-4.45,14.2,5.27,5,-4.67,10.100000000000001,0.199,-2.98,8.07,-11.5,-9.520000000000001
2020-07-13,-6.419999999999999,-2.97,14.7,3.93,5.970000000000001,-5.48,10.7,1.5,-1.43,7.89,-10.6,-8.870000000000001
2020-07-14,-4.6,-3.34,14.2,5.029999999999999,7.64,-3.49,10.5,4.97,-1.09,8.27,-8.85,-8.07
2020-07-15,-3.36,-1.11,18.099999999999998,8.75,9.2,-0.8670000000000001,11.3,7.580000000000001,-0.616,9.19,-6.4399999999999995,-7.39
2020-07-16,-2.58,-3.1,18,8.129999999999999,8.709999999999999,-0.0139,12.6,8.59,-1.47,10.299999999999999,-4.29,-7.180000000000001
2020-07-17,-1.6400000000000001,-2.22,20.599999999999998,8.129999999999999,9.35,1.29,15.9,11.799999999999999,0.0832,12.5,-2.35,-6.63
2020-07-18,-3.19,1.01,20.3,5.779999999999999,9.54,0.779,14.000000000000002,10.5,-1.46,11.4,-1.13,-8.39
2020-07-19,-3.34,-1.2,21,5.17,9.62,1.9,15.6,8.63,-0.872,10.7,-0.985,-8.24
2020-07-20,-3.8699999999999997,-2.06,23.200000000000003,5.800000000000001,8.72,4.5,14.6,8.85,-2.73,9.520000000000001,-1.78,-10.100000000000001
2020-07-21,-4.83,-2.87,25.2,6.02,6.29,1.68,13.700000000000001,7.31,-2.9499999999999997,7.75,-4.68,-10.9
2020-07-22,-4.9,-2.02,27.6,3.9800000000000004,5.37,0.818,13.100000000000001,4.46,-3.1,7.46,-6.5,-11.4
2020-07-23,-5.55,-0.392,31.5,3.01,5.83,3.05,12.4,4.7,-2.77,6.99,-8.76,-12.9
2020-07-24,-4.95,-0.865,28.9,3.34,6.909999999999999,2.46,10.7,3.6799999999999997,-3.4799999999999995,5.82,-8.24,-12.2
2020-07-25,-3.9,-4.33,29.299999999999997,4.29,7.249999999999999,3.49,11.700000000000001,3.5999999999999996,-2.25,5.8999999999999995,-9.379999999999999,-11.3
2020-07-26,-4.42,-3.38,26.400000000000002,4.8,7.6,2.44,11.799999999999999,5.220000000000001,-3.44,6.1899999999999995,-10.5,-10.9
2020-07-27,-1.66,-0.936,22.2,4.51,8.6,2.77,11.799999999999999,4.68,-2.13,7.199999999999999,-10.6,-10.5
2020-07-28,-1.79,-0.15,22.900000000000002,3.52,9.35,3.3300000000000005,11.600000000000001,3.26,-1.5,7.84,-9.19,-9.41
2020-07-29,-1.5599999999999998,-1.25,21.8,3.46,11.1,2.8400000000000003,12.4,2.88,-0.0305,8.55,-8.36,-8.04
2020-07-30,-0.83,-1.43,19.6,4.21,11.1,0.153,10.8,3.01,-0.029300000000000003,7.960000000000001,-7.95,-7.41
2020-07-31,-0.327,-0.183,22.400000000000002,4.109999999999999,10.7,1.08,11.600000000000001,6.02,0.00964,9.950000000000001,-8.14,-6.49
2020-08-01,-1.72,1,21.8,3.7900000000000005,9.66,-0.295,10.5,2.48,-2.09,8.959999999999999,-9.610000000000001,-7.85
2020-08-02,-2.53,0.987,22,2.5700000000000003,9.89,-0.76,9.54,2.39,-2.02,8.110000000000001,-8.67,-8.17
2020-08-03,-0.11800000000000001,-0.996,27.200000000000003,4.32,11.200000000000001,-0.9199999999999999,11,4.7,-0.657,9.89,-5.86,-7.739999999999999
2020-08-04,-1.06,-2.06,29.299999999999997,1.78,9.53,-2.97,8.75,3.38,-2.91,8.61,-7.829999999999999,-9.33
2020-08-05,-5.52,-5.56,24.7,-1.49,7.35,-4.859999999999999,5.5,2.8400000000000003,-5.07,6.619999999999999,-10,-9.39
2020-08-06,-6.72,-7.140000000000001,24.5,-1.37,7.5200000000000005,-3.8,5.67,2.33,-6.22,6.710000000000001,-9.5,-9.25
2020-08-07,-9.13,-9.950000000000001,24.4,-2.9000000000000004,8.25,-1.8800000000000001,4.79,1.82,-6.23,4.91,-10.100000000000001,-10.299999999999999
2020-08-08,-8.709999999999999,-9.29,23.3,-2.82,9.85,-0.582,8.3,6.239999999999999,-3.3099999999999996,6.16,-8.08,-8.709999999999999
2020-08-09,-7.71,-7.85,22.3,-2.64,10.4,2.21,10.299999999999999,7.88,-1.4200000000000002,7.449999999999999,-8.290000000000001,-8.110000000000001
2020-08-10,-11,-6.279999999999999,21.7,-3.6799999999999997,7.5200000000000005,1.83,8.62,6.49,-3.5900000000000003,6.279999999999999,-8.83,-9.02
2020-08-11,-9.049999999999999,-6.17,21.6,-0.675,10.4,5.63,13.100000000000001,8.450000000000001,-0.5369999999999999,8.36,-6.13,-7.630000000000001
2020-08-12,-4.97,-3.2199999999999998,26,3.5999999999999996,11.700000000000001,7.79,12.7,11,1.8499999999999999,10.7,-2.53,-8.04
2020-08-13,-4.24,-1.17,23,3.83,12.5,6.36,19.8,8.25,4.46,11.4,-2.11,-8.27
2020-08-14,-2.71,1.7000000000000002,22.8,4.77,11.200000000000001,4.79,20.3,7.71,5.52,12,-1.6099999999999999,-8.75
2020-08-15,-2.15,1.05,23.1,5.19,9.41,5.08,16.7,7.42,3.1399999999999997,11.200000000000001,-2.44,-9.65
2020-08-16,-2.74,0.9259999999999999,20.1,4.32,9.24,3.42,15.9,6.619999999999999,3.47,11,-0.038400000000000004,-10.8
2020-08-17,-3.4099999999999997,1.73,16.7,3.52,9.9,4.14,16,5.3,4.78,10.299999999999999,-1.7999999999999998,-11.600000000000001
2020-08-18,-4.5600000000000005,1.24,17.1,2.7,7.920000000000001,2.54,13.8,5.220000000000001,2.9899999999999998,10.2,-2.07,-11.700000000000001
2020-08-19,-4.54,1.77,17.9,0.9249999999999999,8.19,2.02,11.4,5.81,2.53,10.5,-3.08,-12.4
2020-08-20,-3.75,4.5,18.8,0.9440000000000001,8.27,0.156,11.3,9.69,2.75,9.77,-4.5600000000000005,-12.6
2020-08-21,-3.17,4.79,16.7,2.25,10.100000000000001,0.984,10.4,8.01,2.4299999999999997,9.81,-2.88,-10.7
2020-08-22,-4.61,6.25,19.3,2.73,11.1,0.42700000000000005,12.9,8.44,4.92,10.8,-1.6099999999999999,-9.81
2020-08-23,-0.8330000000000001,5.45,29.9,6.22,11.600000000000001,1.69,13.8,7.57,3.49,12.2,-2.2800000000000002,-9.44
2020-08-24,-3.1300000000000003,5.29,24.099999999999998,5.07,11.600000000000001,0.755,15.1,10.7,5.17,13.100000000000001,-2.15,-8.9
2020-08-25,-1.23,7.969999999999999,20.5,5.47,13.5,1.1900000000000002,16.900000000000002,11.899999999999999,7.17,14.299999999999999,-1.7999999999999998,-8.83
2020-08-26,-0.0314,9.36,21.9,7.76,14.099999999999998,1.3299999999999998,17.8,12,8.76,14.2,-1.82,-7.84
2020-08-27,-1.51,6.800000000000001,24.5,6.16,13.100000000000001,3.7900000000000005,16.7,10.2,8.94,14.299999999999999,-1.47,-7.920000000000001
2020-08-28,-3.1199999999999997,7.340000000000001,26.900000000000002,5.08,12.2,3.1,16.8,10.6,8.83,14.299999999999999,-1.4500000000000002,-9.86
2020-08-29,-1.55,6.5600000000000005,23.799999999999997,4.75,13.100000000000001,1.68,15.5,11.1,9.76,14.399999999999999,-0.734,-10.299999999999999
2020-08-30,-1.05,8.450000000000001,22.6,4.12,11.200000000000001,0.11,13.5,10.8,9.68,12.7,-1.44,-10.2
2020-08-31,-1.95,5.18,24.8,3.8600000000000003,11.4,-0.885,11.600000000000001,7.82,8.290000000000001,11.200000000000001,-0.697,-9.19
2020-09-01,-4.1000000000000005,3.16,29.799999999999997,3.26,11.4,2.62,12.2,8.01,9.629999999999999,10.299999999999999,0.00434,-8.41
2020-09-02,-3.09,4.06,38.9,6.64,14.000000000000002,6.460000000000001,15.7,11.700000000000001,11.799999999999999,13.3,4.52,-6
2020-09-03,-3.7600000000000002,0.33999999999999997,22.7,3.0700000000000003,10.5,4.25,11.3,7.4399999999999995,7.920000000000001,10.5,1.3,-7.19
2020-09-04,-6.03,-1.11,19.2,3.27,10.6,4.2700000000000005,12.5,7.19,8.66,10.7,-1.16,-7.13
2020-09-05,-6.04,-1.5699999999999998,20,5.2299999999999995,10.2,7.84,13.8,6.98,9.2,11,-1.29,-6.69
2020-09-06,-5.800000000000001,-1.04,22.7,5.970000000000001,13.100000000000001,9.41,15.6,8.129999999999999,4.03,12.3,0.268,-4.5600000000000005
2020-09-07,-5.26,-2.98,29.4,7.960000000000001,11.899999999999999,8.97,13.5,5.6000000000000005,5.8500000000000005,10.100000000000001,-0.77,-4.37
2020-09-08,-4.72,1.51,21.2,5.43,11.799999999999999,5.67,12.2,7.19,0.27899999999999997,10.8,-3.7699999999999996,-6.74
2020-09-09,-3.74,1.55,15.9,3.47,9.22,3.04,12.1,7.28,-7.249999999999999,9,-5.91,-9.04
2020-09-10,-0.931,4.37,19.400000000000002,5.390000000000001,10.9,3.7900000000000005,14.299999999999999,9.44,-8.43,10.5,-6.4399999999999995,-9.71
2020-09-11,-0.10200000000000001,1.8499999999999999,23.400000000000002,4.859999999999999,9.32,3.38,14.499999999999998,8.37,-11.799999999999999,10.6,-4.5,-9.55
2020-09-12,0.00345,2.53,24.099999999999998,3.05,9.2,1.68,14.499999999999998,8.23,-14.499999999999998,11,-4.78,-10
2020-09-13,-2.04,2.7,17.299999999999997,1.87,6.39,1.82,15,7.5600000000000005,-9.09,10.100000000000001,-7.539999999999999,-12.2
2020-09-14,-1.5699999999999998,2.26,21.7,1.13,4.9,1.47,15.299999999999999,7.64,-7.16,9.43,-8.23,-11.600000000000001
2020-09-15,-4.09,1.8900000000000001,16.2,-0.0344,4.47,1.05,17.9,7.489999999999999,-3.88,10.100000000000001,-5.01,-10.8
2020-09-16,-6.08,2.58,19.2,0.0952,3.1399999999999997,1.24,17.7,6.279999999999999,-1.31,9.36,-4.77,-11.5
2020-09-17,-5.0200000000000005,-0.847,23.9,1.28,3.49,1.13,19.2,7.720000000000001,-0.475,9.47,-2.5,-11.600000000000001
2020-09-18,-6.260000000000001,0.363,21.4,2.12,5.029999999999999,2.09,20.200000000000003,9.64,2.41,10.5,-3.54,-10.7
2020-09-19,-5.47,1.94,22.1,3.51,7.109999999999999,3.83,20.8,10.9,6.329999999999999,11.3,-3.09,-9.180000000000001
2020-09-20,-3.35,-1.16,29.299999999999997,5.91,8.77,2.15,21.3,12.2,9.16,13,-1.17,-9.11
2020-09-21,-3.65,-1.76,26.3,9.379999999999999,9.139999999999999,1.5,22.400000000000002,12.3,8.690000000000001,13.200000000000001,-0.9950000000000001,-9.91
2020-09-22,-0.88,-2.71,32.300000000000004,10.2,9.07,2.48,20.9,12.7,7.07,12,-1.8800000000000001,-10.9
2020-09-23,1.18,-3.25,30.099999999999998,12.3,9.69,1.4000000000000001,19.400000000000002,13,6.23,12.7,-1.95,-11.200000000000001
2020-09-24,2.9899999999999998,-0.33999999999999997,29.799999999999997,11.4,11.5,3.71,18.8,10.9,5.26,13.3,-3.5999999999999996,-9.78
2020-09-25,4.35,0.0394,30.2,11.3,11.5,3.9,17.2,13,4.83,12.8,-2.67,-9.69
2020-09-26,4.859999999999999,-0.697,32.5,11.1,10.4,3.25,17.7,13.200000000000001,1.91,11.799999999999999,-2.12,-9.8
2020-09-27,2.6599999999999997,1.77,27.6,8.21,9.64,4.09,17,13.3,-0.349,11.4,-2.4,-8.95
2020-09-28,3.37,2.93,31.1,6.01,11.1,3.6999999999999997,17.4,13.100000000000001,0.715,12.6,-2.53,-7.739999999999999
2020-09-29,1.6099999999999999,2.5700000000000003,27.800000000000004,6.58,10.5,5.35,16.900000000000002,12.7,-0.8869999999999999,13.4,-1.79,-7.140000000000001
2020-09-30,0.245,2.42,28.299999999999997,5.319999999999999,11.899999999999999,7.61,17.7,10.100000000000001,2.6,12.7,-0.9900000000000001,-6.58
2020-10-01,-1.59,0.328,31.5,5.65,11,5.34,16.8,10.6,3.15,10.6,-0.967,-8.01
2020-10-02,-2.64,0.35100000000000003,35.8,4.68,11.4,5.1499999999999995,17.2,7.13,3.9600000000000004,10.7,-2.71,-9.48
2020-10-03,-3.4000000000000004,2.2399999999999998,32.5,3.46,12.2,5.18,15.5,8.24,5.5,11.5,-3.9,-10.4
2020-10-04,-0.9209999999999999,1.32,38.4,4.5600000000000005,13.100000000000001,5.42,15.4,7.64,6.78,11.200000000000001,-3.82,-11.200000000000001
2020-10-05,-2.2800000000000002,0.721,34.2,3.9800000000000004,11,4.87,15,9.66,5.06,10.299999999999999,-3.05,-12.7
2020-10-06,-1.8499999999999999,2.12,38.2,3.5000000000000004,11.600000000000001,4.45,15.4,8.85,7.42,10.8,-3.2,-12.9
2020-10-07,-0.605,2.62,37.6,2.52,12,2.1999999999999997,16,9.78,4.17,10.299999999999999,-3.91,-12.7
2020-10-08,1.22,2.07,36.4,3,13.600000000000001,2.41,16.6,7.99,4.99,12,-2.63,-12.4
2020-10-09,3.81,2.81,35.099999999999994,5.96,13.600000000000001,2.87,17.5,8.709999999999999,4.82,12.9,-1.7999999999999998,-11.5
2020-10-10,3.3000000000000003,-0.745,34,6.02,12.9,2.48,18.4,8.290000000000001,2.19,11.899999999999999,-1.4200000000000002,-11.5
2020-10-11,3.3099999999999996,-1.58,34.4,6.01,13.200000000000001,2.36,18.9,9.16,1.2,11.700000000000001,-2.29,-11.3
2020-10-12,7.16,-2.27,38.5,9.93,13.5,2.67,18.5,8.23,-3.15,11.799999999999999,-2.73,-13.700000000000001
2020-10-13,5.16,-2.76,34.699999999999996,8.649999999999999,14.000000000000002,3.26,19.900000000000002,9.62,-0.835,11,-1.7000000000000002,-11.5
2020-10-14,3.95,-3.25,34.599999999999994,12.1,15.299999999999999,5.45,21.8,12.9,-1.92,13.100000000000001,1.11,-10.6
2020-10-15,4.16,-0.33899999999999997,34.699999999999996,7.32,12.5,4.4799999999999995,20.3,12.3,0.404,12.6,-2.3800000000000003,-11.1
2020-10-16,2.48,1.28,30.5,6.11,11.899999999999999,2.64,19.900000000000002,13.700000000000001,0.322,12.2,-3.08,-12
2020-10-17,4.22,2.22,33.800000000000004,8.28,12.1,2.76,20.599999999999998,12.9,3.6700000000000004,13.600000000000001,-3.4099999999999997,-12
2020-10-18,4.8,2.5700000000000003,34.8,9.379999999999999,11.899999999999999,3.6900000000000004,21.6,13,5.4399999999999995,14.299999999999999,-2.17,-12.5
2020-10-19,4.22,1.0699999999999998,36.8,10.9,11.200000000000001,4.53,20.8,11.1,5.83,13.100000000000001,-4.7,-12.7
2020-10-20,2.55,2.58,38.9,10.299999999999999,11.5,3.05,20.1,10.299999999999999,9.48,13,-6.84,-12.6
2020-10-21,-1.6400000000000001,4.49,31.5,9.34,9.520000000000001,2.9899999999999998,18.9,10.7,8.32,13.200000000000001,-8.219999999999999,-14.099999999999998
2020-10-22,1.9900000000000002,1.11,37.1,9.01,9.73,2.9499999999999997,20.599999999999998,12.2,7.99,13.4,-7.199999999999999,-13.5
2020-10-23,0.697,-0.909,36.3,7.93,10.8,4.33,21.6,12.3,6.75,14.2,-6.97,-12.8
2020-10-24,0.555,1.5599999999999998,35.699999999999996,6.529999999999999,10.6,4.14,22.2,13.200000000000001,3.73,13.100000000000001,-4.81,-11
2020-10-25,-1.0699999999999998,4.05,36.3,5.11,10.4,3.2399999999999998,22.1,12.3,3.4099999999999997,13.5,-4.41,-9.53
2020-10-26,0.101,5.94,33.300000000000004,5.42,11.3,3.52,22.6,11.1,2.53,13.700000000000001,-3.3099999999999996,-9.24
2020-10-27,0.477,8.61,33.4,0.346,13,5.9799999999999995,24.4,12.4,2.37,15.4,-1.16,-8.51
2020-10-28,2.8000000000000003,5.64,36.7,-1.92,15.2,10.5,25.4,11.5,2,15.4,0.0221,-9.17
2020-10-29,2.79,4.77,35.699999999999996,-2.27,15.299999999999999,5.3,24,10.7,1.18,13.8,0.217,-9.91
2020-10-30,3.08,3.83,37.1,-0.5499999999999999,14.899999999999999,5.93,22.900000000000002,12.2,2.98,13.600000000000001,1.17,-9.39
2020-10-31,5.800000000000001,4.06,41.5,6.950000000000001,16.900000000000002,6.72,23.400000000000002,13.3,5.74,13.8,-0.38899999999999996,-10.4
2020-11-01,2.04,2.92,42.3,7.249999999999999,14.7,7.3,20.599999999999998,8.98,2.39,11.799999999999999,-4.38,-12.2
2020-11-02,4.22,3.46,46.800000000000004,9.8,16.7,10.100000000000001,21.6,13.5,3.83,12.8,-3.9899999999999998,-11.600000000000001
2020-11-03,4.8500000000000005,-0.318,43,8.25,15.5,6.859999999999999,19.1,11.600000000000001,3.8600000000000003,12.2,-6.279999999999999,-11
2020-11-04,2.36,0.997,40.5,8.85,13.3,4.17,17.9,11.3,2.88,10.7,-7.85,-11.4
2020-11-05,1.34,1.7500000000000002,45.2,9.379999999999999,12.5,7.99,17,10.5,3.39,11,-8.14,-11.3
2020-11-06,1.1400000000000001,3.2,44.5,8.200000000000001,11.4,10.4,17.2,9.76,3.5000000000000004,10,-8.85,-12.1
2020-11-07,-2.1,1.05,35.5,4.29,9.28,8.34,15.9,6.76,3.15,10.5,-7.960000000000001,-11.600000000000001
2020-11-08,0.45599999999999996,-0.029799999999999997,31.6,1.5,10,8.51,17.5,9.700000000000001,3.71,11.600000000000001,-4.37,-10.2
2020-11-09,-1.17,-4.96,28.299999999999997,-1.01,8.58,5.9799999999999995,14.799999999999999,5.88,3.44,11,-4.29,-10.8
2020-11-10,-0.508,-3.88,27.6,0.8250000000000001,9.82,8.14,16,7.5200000000000005,3.3099999999999996,11,-3.1399999999999997,-11.799999999999999
2020-11-11,1.09,-4.02,29.9,5.01,10.9,7.86,15.6,8.260000000000002,5.3100000000000005,12.4,-2.5100000000000002,-10.7
2020-11-12,1.29,0.11100000000000002,29.4,2.6599999999999997,9.32,5.4399999999999995,18.2,7.33,5.1,12.5,-3.3099999999999996,-12.1
2020-11-13,-1.29,-0.538,24.099999999999998,2.9899999999999998,11.200000000000001,5.71,19.7,6.65,5.55,13,-2.67,-11.1
2020-11-14,0.579,0.481,25.3,4.01,13,5.64,21.2,8.66,3.2199999999999998,14.2,-5.220000000000001,-11
2020-11-15,1.92,1.6400000000000001,27.700000000000003,3.7900000000000005,14.000000000000002,5.53,20.5,10.4,4.88,14.6,-4.859999999999999,-12
2020-11-16,0.0103,3.63,25.1,3.44,12.7,4.62,19.900000000000002,11.700000000000001,2.9899999999999998,13.600000000000001,-5.43,-12.4
2020-11-17,-0.8999999999999999,3.7800000000000002,22.6,0.7270000000000001,10.4,3.2,17.9,10.5,1.11,12.2,-6.3,-12.6
2020-11-18,-0.5499999999999999,1.55,21.3,0.787,9.93,2.0500000000000003,18.3,11.700000000000001,2.1,14.299999999999999,-6.08,-11.4
2020-11-19,2.6599999999999997,1.97,30,0.385,12,2.1,18.3,12.1,0.05,13.8,-7.17,-12
2020-11-20,3.46,3.32,28.299999999999997,1.5699999999999998,12.9,2.97,18.2,11.899999999999999,0.915,14.2,-7.920000000000001,-12.7
2020-11-21,3.35,3.1399999999999997,27.3,0.715,12.9,3.93,18,11.5,3.2800000000000002,13.200000000000001,-5.12,-12.6
2020-11-22,1.55,4.55,29.9,2.77,14.2,5.050000000000001,19.900000000000002,12.6,5.2,14.7,-5.3100000000000005,-10.7
2020-11-23,1.17,6.72,32.6,1.26,14.899999999999999,6,22.6,12.6,5.2299999999999995,16.6,-5.489999999999999,-9.48
2020-11-24,2.78,8.89,35.699999999999996,2.77,17.9,6.84,25.5,12.5,7.55,19.1,-3.3000000000000003,-7.91
2020-11-25,-1.2,3.7699999999999996,42.699999999999996,6.660000000000001,15.2,6.660000000000001,16.8,9.64,5.91,12.5,-3.47,-7.380000000000001
2020-11-26,1.43,2.08,34.2,0.8829999999999999,14.799999999999999,7.3999999999999995,17.5,7.9799999999999995,4.83,13.900000000000002,-6.2,-7.82
2020-11-27,-1.32,1.29,30,-2.81,11,6.54,14.000000000000002,7.670000000000001,0.27699999999999997,10.8,-7.79,-10.299999999999999
2020-11-28,-1.8900000000000001,0.632,29.5,-0.058699999999999995,10.4,5.01,13.700000000000001,6.68,1.92,10.299999999999999,-6.61,-10.4
2020-11-29,-2.4699999999999998,-0.020900000000000002,29.5,-0.53,9.73,5,12.7,5.6899999999999995,1.37,9.55,-6.83,-10.299999999999999
2020-11-30,-2.35,0.983,38.9,0.219,8.14,2.44,9.04,9.64,2.23,9.5,-7.76,-12.3
2020-12-01,2.45,0.7250000000000001,44.9,11.899999999999999,10.2,4.21,14.299999999999999,8.19,1.9,10.2,-5.7,-10.5
2020-12-02,4.130000000000001,8.49,48.3,15.1,13.5,10,14.6,18,9.04,13.5,0.0412,-7.42
2020-12-03,4.97,11.899999999999999,46.9,17.299999999999997,16.5,9.49,17.1,20.4,8.790000000000001,14.899999999999999,-0.812,-7.39
2020-12-04,3.93,10.2,48.3,16.7,13.100000000000001,4.71,15.7,17.9,5.949999999999999,13.8,-0.894,-8.6
2020-12-05,2.29,5.66,42.199999999999996,3.9600000000000004,13.5,2.69,16.8,17.599999999999998,3.44,12.8,-3.2,-9.04
2020-12-06,2.26,2.59,34.5,4.71,11.5,2.22,18.2,14.499999999999998,3.2,11.799999999999999,-2.88,-10.8
2020-12-07,0.40099999999999997,4.99,38.3,8.36,9.64,1.4500000000000002,16.8,12.3,1.25,9.56,-5.510000000000001,-13.100000000000001
2020-12-08,-4.34,0.668,40.400000000000006,11.3,5.74,3.06,12.7,12.8,-3.66,11.3,-9.46,-10.2
2020-12-09,-5.8500000000000005,-0.43,41.3,11.3,3.83,-6.08,14.299999999999999,5.43,-4.24,4.5600000000000005,-9.87,-17.299999999999997
2020-12-10,-3.2399999999999998,-1.7399999999999998,42.5,11.3,5.87,-2.1999999999999997,15.4,5.79,4.109999999999999,5.81,-6.72,-14.099999999999998
2020-12-11,-2.09,0.313,43.6,11.4,7.89,2.37,17.5,7.630000000000001,1.8399999999999999,7.22,-4.25,-11
2020-12-12,-1.03,4.390000000000001,45.4,12.4,8.03,3.93,16.5,7.88,4.88,9.78,-1.87,-10.2
2020-12-13,1.09,4.26,48.5,13.600000000000001,8.75,5.16,17.4,8.73,4.79,10.100000000000001,-1.87,-8.780000000000001
2020-12-14,2.27,4.63,46.1,11.5,11.200000000000001,8.98,20.3,12.6,7.48,13.100000000000001,2.67,-6.7
2020-12-15,6.87,7.6499999999999995,36.5,4.97,8.86,12.6,17.599999999999998,9.610000000000001,12.5,10,-1.71,-9.46
2020-12-16,10.5,8.98,34.9,7.57,19.5,13.4,27.700000000000003,21.5,14.499999999999998,20.200000000000003,11.3,-1.13
2020-12-17,-0.6689999999999999,6.7,30.8,2.8400000000000003,8.97,2.64,17.9,10.5,1.47,9.9,-1.54,-10.100000000000001
2020-12-18,1.1400000000000001,2.46,28.9,1.04,11.3,4.67,20,15.1,0.0116,11,0.10300000000000001,-9.19
2020-12-19,0.734,1.9800000000000002,33.800000000000004,2.13,10.9,2.7,21.3,13.200000000000001,-0.385,10.8,-0.47200000000000003,-9.370000000000001
2020-12-20,-1.9900000000000002,0.719,31.900000000000002,-0.734,9.13,0.755,18.3,11.799999999999999,-1.02,9.73,-1.29,-11.1
2020-12-21,-0.865,0.8670000000000001,36.5,0.38,8.94,0.736,18.5,10.9,-0.9979999999999999,9.34,-2.59,-10.2
2020-12-22,-0.317,2.1999999999999997,34.1,-0.268,8.23,1.49,18.099999999999998,8.82,-1.8399999999999999,9.48,-2.9499999999999997,-10.8
2020-12-23,-0.156,1.8599999999999999,32.6,-0.903,8.08,1.2,16.900000000000002,5.37,-2.9899999999999998,9.610000000000001,-4.1000000000000005,-12
2020-12-24,1.29,5.3100000000000005,38.2,2.25,11,3.94,20.3,10.9,1.38,12.1,-0.707,-8.68
2020-12-25,5.01,5.65,39.2,4.6,11.5,3.83,20.4,10.299999999999999,1.9800000000000002,12.7,0.51,-8.27
2020-12-26,1.63,3.4000000000000004,32.9,3.06,10.5,5.779999999999999,19.7,10.6,2.32,12.4,-1.23,-8.6
2020-12-27,3.75,4.130000000000001,32.7,4.4799999999999995,12.4,6.32,21.9,10.2,3.18,13.8,-0.266,-6.83
2020-12-28,5.34,5.17,31.5,5.04,13.5,6.72,22.7,9.67,4.26,15.6,1.8399999999999999,-6.87
2020-12-29,6.03,4.43,32.4,5.33,12.8,6.890000000000001,21.3,10.2,5.91,16.400000000000002,1.94,-5.42
2020-12-30,4.67,2.9499999999999997,34.1,3.7600000000000002,11.1,7.13,19.2,5.74,4.3999999999999995,13.5,0.43299999999999994,-6.47
2020-12-31,3.18,3.9899999999999998,41,4.49,10.7,12.4,18.099999999999998,7.340000000000001,2.33,12.2,-2.91,-7.75
2021-01-01,7.470000000000001,5.029999999999999,40.400000000000006,4.49,10.2,7.6499999999999995,17.1,6.63,2.12,11.799999999999999,-3.5700000000000003,-7.9799999999999995
2021-01-02,3.71,2.93,38.800000000000004,3.73,8.74,7.539999999999999,15,5.25,2.48,11.799999999999999,-3.05,-8.540000000000001
2021-01-03,2.75,3.8899999999999997,39.5,4.5,9.32,8.68,15.299999999999999,5.21,1.69,11,-4.89,-8.450000000000001
2021-01-04,-1.22,1.16,36.199999999999996,1.25,6.140000000000001,6.63,10.7,2.87,-1.06,8.37,-8.68,-10.8
2021-01-05,-6.39,5.6899999999999995,28.9,-2.88,11.600000000000001,3.65,6.8500000000000005,6.17,-5.970000000000001,12.8,-12.4,-8.25
2021-01-06,-4.47,-4.84,32.800000000000004,-2.48,2.75,5.36,8.15,-0.715,-7.8,0.966,-12.8,-15.1
2021-01-07,-4.8,-4.45,26.3,-1.09,6.77,5.8500000000000005,9.879999999999999,0.513,4.390000000000001,5.16,-8.200000000000001,-13.4
2021-01-08,-3.61,-0.979,22.6,1.43,10.2,6.08,12.1,2.1399999999999997,0.7779999999999999,8.3,-7.6,-11.700000000000001
2021-01-09,-0.040299999999999996,9.29,26.700000000000003,3.55,14.099999999999998,7.9,16.7,5.17,3.05,12.2,-2.78,-9.28
2021-01-10,2.31,10.2,28.9,5.36,17.5,11.799999999999999,20.200000000000003,8.59,6.419999999999999,17.2,1.67,-7.76
2021-01-11,5.47,12.9,35.699999999999996,10.2,16.8,12.6,20.1,11.899999999999999,8.89,16.900000000000002,5.140000000000001,-5.87
2021-01-12,8.04,17.2,40.8,12.2,27.400000000000002,15.4,30.9,15.7,12,24.3,8.76,-3.35
2021-01-13,9.68,10.5,46.1,15.299999999999999,31.7,18.5,35.099999999999994,20,5.81,16.3,11.5,-8.5
2021-01-14,1.23,10.6,31.8,3.8699999999999997,14.7,23.3,19.8,8.16,21.6,16,-0.22899999999999998,-8.74
2021-01-15,0.9650000000000001,27.500000000000004,58.8,3.5000000000000004,14.000000000000002,19.400000000000002,19.7,8.06,16.5,15.7,-0.7040000000000001,-8.99
2021-01-16,0.696,10.9,33.300000000000004,3.1199999999999997,13.3,8.02,19.6,7.95,5.19,15.4,-1.18,-9.229999999999999
2021-01-17,0.42700000000000005,11,34,2.75,12.6,7.39,19.5,7.85,4.99,15.1,-1.6500000000000001,-9.48
2021-01-18,0.14400000000000002,10.9,33.1,-1.8800000000000001,12.5,2.04,19.2,8.19,5.1,15.4,-1.79,-9.59
2021-01-19,0.752,10.7,23.7,-6.16,1.6,-0.0493,9.69,1.06,-3.7199999999999998,6.29,-10.4,-15.299999999999999
2021-01-20,-4.78,-0.872,22.2,-6.29,-0.124,-1.63,7.7299999999999995,-0.762,-5.99,4.97,-11.5,-18
2021-01-21,-3.1300000000000003,-4.73,26.6,-7.8100000000000005,-2.52,-3.65,6.63,-2.3800000000000003,-5.92,4.2,-13.3,-18.099999999999998
2021-01-22,-7.5600000000000005,-2.5700000000000003,18.099999999999998,-7.9399999999999995,0.0672,-1.68,6.3,-1.87,-5.56,5.220000000000001,-12.4,-17.5
2021-01-23,1.4000000000000001,10.2,27.900000000000002,2.48,12,6.52,18.099999999999998,9.94,5.64,16.6,-2.4899999999999998,-10.2
2021-01-24,1.5599999999999998,10.100000000000001,32.2,2.44,11.899999999999999,6.38,17.9,10.299999999999999,5.75,16.8,-2.63,-10.299999999999999
2021-01-25,2.19,14.7,32.2,2.07,12.2,9.17,17.1,12.7,7.12,16.8,0.565,-9.62
2021-01-26,-0.5459999999999999,17.7,28.799999999999997,2.4699999999999998,13.4,11,16.8,9.56,8.05,17.2,-1.59,-10.4
2021-01-27,-2.75,9.92,25.1,-1.76,10.8,7.71,14.799999999999999,4.6,4.34,13.700000000000001,-3.49,-10.6
2021-01-28,-3.3300000000000005,8.690000000000001,18.9,-3.4299999999999997,6.03,7.7299999999999995,14.000000000000002,0.316,2.42,12.3,-4.83,-11.700000000000001
2021-01-29,0.09709999999999999,6.4,24.3,-1.4200000000000002,6.069999999999999,7.28,14.7,1.76,2.81,10.6,-6.370000000000001,-11.600000000000001
2021-01-30,2.45,7.489999999999999,33.900000000000006,1.06,7.870000000000001,7.68,18.3,5.63,5.36,14.099999999999998,-4.07,-11.1
2021-01-31,3.32,9.67,38.9,3.65,10.2,7.23,17.5,7.46,6.12,15.4,-2.37,-11.200000000000001
2021-02-01,1.6199999999999999,9.520000000000001,35,0.243,5.140000000000001,3.93,17.8,8.129999999999999,5.91,15.299999999999999,-3.36,-14.399999999999999
2021-02-02,1.15,2.3,30.7,-2.17,0.9730000000000001,-0.616,8.92,1.6,-1.08,8.469999999999999,-11.4,-15.2
2021-02-03,2.59,7.430000000000001,32.300000000000004,1.08,3.58,-0.45599999999999996,11,5.4,2.07,11.5,-9.71,-12.8
2021-02-04,4.55,10.5,38.1,4.71,10.299999999999999,-0.247,15,10.100000000000001,5.58,14.2,-9.26,-11.600000000000001
2021-02-05,5.2299999999999995,12,40.6,5.48,10.8,2.27,17.7,12.6,8.06,17.2,-7.13,-9.84
2021-02-06,6.52,12.2,39.900000000000006,6.7299999999999995,12.7,4.65,20.3,13.8,8.88,18.099999999999998,-7.04,-7.670000000000001
2021-02-07,4.46,8.59,32.7,2.4899999999999998,10.4,6.800000000000001,20.1,12.1,4.6,14.299999999999999,-9.29,-7.39
2021-02-08,6.49,11.200000000000001,35.6,7.08,10.6,9.959999999999999,19.7,12,8.63,14.000000000000002,-7.969999999999999,-5.510000000000001
2021-02-09,7.7700000000000005,9.41,38.5,8.68,20,12.8,28.7,19.7,10.9,19.900000000000002,1.0699999999999998,-3.5900000000000003
2021-02-10,4.26,4.65,36.3,4.16,17.1,13.200000000000001,27.700000000000003,16.6,8.959999999999999,17.5,-1.92,-6.529999999999999
2021-02-11,0.457,0.604,33.5,2.65,12.2,9.93,18.6,11.899999999999999,4.91,14.6,-4.12,-7.5200000000000005
2021-02-12,4.24,4.67,32,2.29,14.299999999999999,10.9,24,15.4,6.4,16.400000000000002,-0.455,-8.03
2021-02-13,2.33,5.07,28.599999999999998,2.78,12.8,10.2,17.8,11.799999999999999,2.03,13.3,-0.659,-9.46
2021-02-14,1.5599999999999998,6.23,32,2.77,11.799999999999999,7.870000000000001,17.4,10.9,3.16,12.3,-0.0712,-10
2021-02-15,4.24,10.100000000000001,32.7,7.1,11,7.55,15.2,9.030000000000001,-0.379,13.4,1.04,-7.920000000000001
2021-02-16,1.6,9.180000000000001,39.900000000000006,4.16,13.700000000000001,5.220000000000001,18.4,9.56,1.73,12.3,0.12,-8.95
2021-02-17,3.47,11.5,41.5,7.24,15.5,8.83,19.8,11.3,3.55,16,2.1399999999999997,-6.569999999999999
2021-02-18,6.619999999999999,12,51.1,9.22,14.299999999999999,8.24,16,8.73,-0.0314,13.700000000000001,1.38,-7.66
2021-02-19,1.28,5.489999999999999,35.5,-0.08760000000000001,12.2,3.8,11,6.1899999999999995,-2.87,12.7,-2.53,-9.47
2021-02-20,-3.1199999999999997,1.41,32.800000000000004,-4.33,8.93,3.2,13.900000000000002,0.411,-0.306,9.01,-5.140000000000001,-10.7
2021-02-21,1.17,5.19,36.8,-1.23,12.4,5.62,17.2,4.3,1.3299999999999998,12.9,-3.52,-9.99
2021-02-22,2.69,10.100000000000001,40.1,-1.1900000000000002,13.4,8.18,20.5,3.45,1.43,14.6,-5.24,-8.35
2021-02-23,4.66,9.4,42.6,-0.307,12.9,10.6,20.200000000000003,4.12,2.8000000000000003,14.6,-5.47,-8.540000000000001
2021-02-24,4.35,7.62,42,0.494,14.399999999999999,13.5,20.4,6.16,1.9800000000000002,12.2,-4.99,-8.94
2021-02-25,7.79,7.85,44.6,4.68,14.2,15.4,19.2,7.5200000000000005,6.0600000000000005,15.7,-1.77,-6.329999999999999
2021-02-26,10.4,16.7,52.300000000000004,2.8899999999999997,23.1,16.1,29.5,18.8,6.1,16.1,0.43299999999999994,-7.04
2021-02-27,7.07,13.200000000000001,49.6,8.07,18.9,15.5,25.2,15.2,4.32,13.200000000000001,-2.44,-7.6899999999999995
2021-02-28,-0.28400000000000003,9.86,42.199999999999996,4.54,15.6,12.1,20.7,9.94,2.5100000000000002,9.15,-6.819999999999999,-9.49
2021-03-01,-0.0629,6.03,40.6,4.02,15.9,11.1,19.6,10,5.89,10,-7.109999999999999,-11.4
2021-03-02,-0.851,6.74,38.800000000000004,5,14.499999999999998,10.9,20,12.4,4.4799999999999995,10.9,-6.18,-12.3
2021-03-03,-2.94,6.21,35.699999999999996,2.54,11.200000000000001,9.120000000000001,17.1,8.799999999999999,3.5700000000000003,9.9,-7.779999999999999,-12.2
2021-03-04,-3.04,5.11,35.9,2.3,8.94,7.630000000000001,14.799999999999999,6.15,4.08,9.84,-6.25,-12.4
2021-03-05,-0.07919999999999999,6.03,37.5,2.27,8.91,7.5600000000000005,14.7,7.9799999999999995,6.52,11.4,-5.84,-11.4
2021-03-06,1.03,9.139999999999999,36.199999999999996,4.79,10.7,9.25,16.8,9.41,6.58,14.299999999999999,-6.140000000000001,-9.4
2021-03-07,4.859999999999999,9.85,40.400000000000006,5.66,12.9,10.5,20.4,12.6,9.74,18.2,-3.2199999999999998,-7.960000000000001
2021-03-08,3.46,11.700000000000001,32.5,6.6000000000000005,12.5,11.3,20.5,11.799999999999999,9.139999999999999,18.4,-1.8399999999999999,-7.249999999999999
2021-03-09,2.44,9.29,33.1,4.5600000000000005,14.399999999999999,10.299999999999999,20.200000000000003,9.5,10.4,17,-3.7800000000000002,-7.7299999999999995
2021-03-10,4.4799999999999995,12.3,38.6,6.93,15.6,12.1,22.5,9.950000000000001,11.1,19.3,-3.2399999999999998,-8.24
2021-03-11,3.6999999999999997,12,41.5,6.83,16.7,11.799999999999999,22.900000000000002,9.51,8.4,18.7,-5.08,-8.07
2021-03-12,1.81,11.600000000000001,44.5,7.51,15.7,10.299999999999999,23.9,7.340000000000001,7.59,18,-4.2700000000000005,-8.04
2021-03-13,3.2099999999999995,11.600000000000001,48.3,8.24,13.5,6.4,22.900000000000002,5.54,6.16,16.900000000000002,-4.95,-9.629999999999999
2021-03-14,2.39,11.1,49.7,9.36,11.899999999999999,4.83,21,6.02,3.09,15,-4.71,-10.299999999999999
2021-03-15,5.08,10.5,48.5,9.959999999999999,12.4,4.2,19.900000000000002,7.59,2.22,14.399999999999999,-2.04,-10.299999999999999
2021-03-16,4.73,13.4,58.8,9.93,11.1,2.71,19.7,9.49,2.25,15,-1.2,-9.26
2021-03-17,5.2,13.200000000000001,56.89999999999999,11.600000000000001,11.899999999999999,-0.84,19.8,9.700000000000001,4.21,17.4,-1.1199999999999999,-9.02
2021-03-18,7.359999999999999,12.4,47.099999999999994,12.8,12.5,9.73,21.8,9.81,5.18,19.3,0.992,-9.379999999999999
2021-03-19,9.34,13.700000000000001,47.5,14.7,15.4,10.2,21.4,10.6,6.1899999999999995,21,2.85,-9.59
2021-03-20,7.5200000000000005,12.7,42.4,14.499999999999998,18.9,11.700000000000001,21.8,12.6,10.8,23.3,4.29,-7.960000000000001
2021-03-21,9.04,13.900000000000002,41,16.400000000000002,20.5,13.4,22.8,14.000000000000002,14.2,26.5,3.47,-7.22
2021-03-22,8.53,18.6,39.1,16.900000000000002,20.8,15.4,23.5,14.000000000000002,16.3,28.499999999999996,2.9899999999999998,-6
2021-03-23,10.5,18.7,39.2,17.7,21.7,19.8,24.3,12.2,15.9,28.999999999999996,2.64,-7.19
2021-03-24,8.9,16,36.8,15,20.8,19,21.4,13.5,14.499999999999998,24.8,2.5100000000000002,-8.77
2021-03-25,7.12,17.9,42.5,14.6,19.5,10.8,20.599999999999998,12,16,23.799999999999997,1.6,-8.52
2021-03-26,5.9799999999999995,17.4,47,13,18,11.200000000000001,22.7,13.900000000000002,15.8,23.9,0.747,-7.01
2021-03-27,6.67,15.9,51.1,13.100000000000001,15.9,9.4,21.2,13.200000000000001,13,23.599999999999998,-0.281,-8.459999999999999
2021-03-28,5.96,15.2,48.6,9.82,13.900000000000002,8.870000000000001,20.5,8.7,10.299999999999999,20.9,-0.262,-8.55
2021-03-29,4.6,9.86,48.199999999999996,9.45,12.8,7.3999999999999995,22.1,8.39,9.91,22.2,-0.6669999999999999,-8.6
2021-03-30,4.760000000000001,10.299999999999999,51.5,10.5,12.8,6.5600000000000005,22.7,8.97,11.5,24,0.0509,-5.79
2021-03-31,6.01,11,53.800000000000004,11.700000000000001,13.600000000000001,8.06,26.3,7.720000000000001,11.1,25,0.127,-4.42
2021-04-01,6.17,9.700000000000001,57.9,10.6,16,7.969999999999999,26.200000000000003,12.9,9.11,24.2,-1.0999999999999999,-3.58
2021-04-02,6.950000000000001,10.7,55.1,11.799999999999999,17.9,8.200000000000001,27.200000000000003,14.799999999999999,8.64,23.7,-2.08,-4.63
2021-04-03,6.1899999999999995,11.700000000000001,53.6,10.8,19.3,9.6,29.4,15.5,9.049999999999999,23.599999999999998,-1.68,-4.44
2021-04-04,3.7800000000000002,5.96,46.6,7.670000000000001,18.2,8.05,24.3,12.6,5.06,18.3,-4.32,-7.57
2021-04-05,4.31,7.829999999999999,44.5,8.38,18.3,8.68,23.599999999999998,12.5,2.8899999999999997,15.5,-5.07,-7.88
2021-04-06,1.77,5.99,41.4,6.7299999999999995,17.8,8.73,22.3,11.600000000000001,0.966,13.700000000000001,-5.48,-8.6
2021-04-07,1.6199999999999999,5.220000000000001,41,4.760000000000001,17.1,7.109999999999999,20,10.5,-0.241,13,-4.82,-9.07
2021-04-08,2.39,4.06,37.6,4.72,16.6,4.04,19,5.96,0.046,13.5,-4.54,-9.39
2021-04-09,1.97,3.5000000000000004,30.7,4.17,14.000000000000002,2.25,18.3,3.63,-0.3,12.8,-3.4799999999999995,-9.54
2021-04-10,2.21,3.45,27,4.15,13.5,2.6100000000000003,15.9,3.17,0.313,12,-3.9600000000000004,-9.48
2021-04-11,4,9.51,34.2,8.780000000000001,15.9,4.6899999999999995,21,7.76,6.16,18.099999999999998,-1.95,-6.59
2021-04-12,5.680000000000001,9.48,39.4,10.5,19.1,3.36,20.3,7.13,9.54,20.3,-1.31,-6.78
2021-04-13,7.779999999999999,11.5,39.300000000000004,12.6,19.3,5.949999999999999,21.5,8.559999999999999,9.520000000000001,20.4,-1.03,-7.28
2021-04-14,7.53,13.3,36.7,14.299999999999999,20.1,7.3,21.4,10.5,12,20.8,-1.08,-7.3
2021-04-15,5.57,13.600000000000001,37.3,14.299999999999999,17.7,9.43,21.2,9.520000000000001,11.799999999999999,20.5,-2.4299999999999997,-8.290000000000001
2021-04-16,5.65,13,39.7,12.5,17.5,9.71,20.8,8.39,10.4,20.3,-4.45,-8.89
2021-04-17,4.95,14.299999999999999,44,11.799999999999999,16.3,10.5,22.8,8.97,9.31,20.200000000000003,-4.2299999999999995,-8.290000000000001
2021-04-18,5.63,13.3,48.199999999999996,10.8,16.3,10.9,23.799999999999997,8.75,7.99,19.1,-4.8500000000000005,-7.2700000000000005
2021-04-19,1.13,10.4,39,9.83,13.100000000000001,11.700000000000001,22.900000000000002,8.92,5.41,15,-7.39,-7.17
2021-04-20,0.849,7.59,41.5,3.8699999999999997,13.3,10.6,20.4,7.960000000000001,5.19,14.7,-9.33,-6.710000000000001
2021-04-21,3.94,11.799999999999999,49,5.42,16.6,10.8,24.9,11.200000000000001,8.129999999999999,18.9,-7.86,-3.88
2021-04-22,4.8,12.2,48.199999999999996,5.33,17.7,13.4,24.8,13,9.68,21.2,-8.28,-2.36
2021-04-23,3.84,9.92,50.6,4.24,18.8,15.8,23,11.899999999999999,8.780000000000001,20.7,-7.17,-3.2
2021-04-24,3.64,7.37,50.9,3.6999999999999997,19.2,14.899999999999999,20,10.9,7.39,18.6,-6.15,-4.5600000000000005
2021-04-25,3.46,5.58,48.6,4.14,20,12.4,19.2,12.5,6.08,18.6,-4.9,-4.73
2021-04-26,8.53,9.48,56.8,8.05,22.6,11.4,19.8,14.299999999999999,8.450000000000001,21.9,-2.44,-4.2700000000000005
2021-04-27,7.9,10.7,55.50000000000001,8.32,21.3,10.2,21.8,14.499999999999998,8.81,22.400000000000002,-1.0999999999999999,-4.89
2021-04-28,3.8,5.3100000000000005,47.199999999999996,5.220000000000001,18.3,11.3,17.299999999999997,9.93,4.390000000000001,18.5,-2.77,-7.31
2021-04-29,6.16,5.87,46.6,6.5600000000000005,18.5,12.6,18.099999999999998,13.600000000000001,3.2199999999999998,15,-0.337,-7.03
2021-04-30,7.35,9.17,43.7,8.98,20,9.92,18.9,14.099999999999998,5.54,15.4,-0.27299999999999996,-5.19
2021-05-01,6.97,9.69,39.6,9.67,19.1,11.1,20.3,12,5.19,17.2,-1.81,-3.5700000000000003
2021-05-02,6.890000000000001,10.7,37.8,10.8,17.8,11.899999999999999,20.5,9.26,6.279999999999999,18.4,-1.6500000000000001,-3.63
2021-05-03,6.9,9.16,38,11.700000000000001,17.2,14.299999999999999,22.1,9.31,4.6899999999999995,19.2,-0.734,-2.73
2021-05-04,8.24,8.97,34.4,12.6,18.9,15.2,22.7,10,6.260000000000001,19.900000000000002,1.39,-1.97
2021-05-05,9.27,9.33,38.1,13.200000000000001,17.8,14.6,23.799999999999997,10.9,6.569999999999999,20.3,0.8240000000000001,-0.9740000000000001
2021-05-06,7.249999999999999,9.65,40,11.700000000000001,18.4,11.200000000000001,23.1,9.06,6.75,20.4,0.146,-0.398
2021-05-07,6.32,8.34,40.5,11.799999999999999,16.5,13.8,25,12.3,7.7,21.6,1.17,0.08750000000000001
2021-05-08,9.78,9.21,44.5,12.2,18.5,16.8,27.700000000000003,16.7,10.8,23.1,1.9900000000000002,0.0232
2021-05-09,10.8,8.63,41.699999999999996,10.8,20.200000000000003,18.2,25.7,17.299999999999997,9.969999999999999,22.1,-0.42,-0.774
2021-05-10,9.15,8.06,39.300000000000004,10.100000000000001,19.5,17.5,23.400000000000002,15.7,9.56,20.3,-3.64,-2.73
2021-05-11,9,8.55,45.5,9.46,17.599999999999998,16,22.400000000000002,12.8,8.28,17.5,-6.81,-3.6799999999999997
2021-05-12,8.309999999999999,8.649999999999999,43.2,9.45,18.7,16.900000000000002,23.599999999999998,13.600000000000001,8.91,18.3,-5.67,-3.82
2021-05-13,9.02,8.559999999999999,40.9,11.200000000000001,20.200000000000003,17.4,26.200000000000003,13.3,10.299999999999999,19.900000000000002,-5.42,-3.7199999999999998
2021-05-14,8.88,8.82,36.9,9.9,22.400000000000002,16.900000000000002,26.3,12.6,11.200000000000001,20.8,-6.88,-3.08
2021-05-15,5.8999999999999995,9.47,37,9.43,20.7,12.8,23.3,9.73,9.48,19.400000000000002,-6.04,-3.7600000000000002
2021-05-16,4.84,10.7,39.7,9.58,21.3,12.8,25.7,11.600000000000001,12,20.7,-3.5700000000000003,-2.93
2021-05-17,5.779999999999999,11.899999999999999,40.300000000000004,8.85,23.400000000000002,12.5,27.700000000000003,13,13,23,1.24,-0.975
2021-05-18,7.26,12.9,40.400000000000006,9.35,25.7,15.1,30.099999999999998,16.3,13.5,26.900000000000002,3.0300000000000002,0.22200000000000003
2021-05-19,7.37,12.3,40.1,9.13,25.8,14.6,30.099999999999998,15.6,13,26.900000000000002,1.44,-0.0542
2021-05-20,7.21,12.1,43.1,8.709999999999999,24.7,15.1,28.799999999999997,15.5,12.9,26.400000000000002,1.16,-0.9490000000000001
2021-05-21,7.249999999999999,10.5,48,8.57,22.6,13.5,27.900000000000002,13.600000000000001,11.200000000000001,24.8,1.38,-1.6500000000000001
2021-05-22,8.03,8.110000000000001,46.2,8.38,23,14.899999999999999,27.700000000000003,13.700000000000001,11.3,23.799999999999997,1.02,-0.83
2021-05-23,7.93,8.33,48.5,9.68,21.6,16.3,28.4,12.9,9.54,22.6,-0.208,-0.771
2021-05-24,7.93,7.85,50.4,9.959999999999999,19.1,14.099999999999998,26.700000000000003,12,9.11,19.8,-4.8,-2.29
2021-05-25,7.53,6.63,45.9,9.6,18.9,12.3,26.1,12.2,8.49,18.8,-5.4,-2.15
2021-05-26,9.28,7.08,48.6,11.1,18.8,11.3,26.200000000000003,12.9,10.7,18.5,-4.5,-2.2800000000000002
2021-05-27,8.61,10.2,46.300000000000004,16,22.400000000000002,14.099999999999998,27.700000000000003,14.399999999999999,14.299999999999999,21,-1.44,0.39899999999999997
2021-05-28,8.780000000000001,8.43,45.7,11.700000000000001,19.3,13.3,27.6,14.799999999999999,13.700000000000001,18.4,-2.02,-1.4200000000000002
2021-05-29,8.35,10.2,46.400000000000006,11.5,20,14.2,29.2,15.7,14.000000000000002,18.4,-2.86,-2.26
2021-05-30,9.11,9.520000000000001,44.6,10.8,19.400000000000002,13.3,27.200000000000003,15.6,14.2,18.3,-2.37,-3.01
2021-05-31,12.4,7.02,51.800000000000004,12.6,16.3,9.92,24.099999999999998,15.299999999999999,13.700000000000001,14.7,-1.8499999999999999,-4.109999999999999
2021-06-01,9.9,10.9,48.699999999999996,10.9,19.3,14.000000000000002,25.4,15.6,16.3,18.7,1.7999999999999998,-1.05
2021-06-02,10.9,11.700000000000001,48.199999999999996,9.379999999999999,22.3,17.7,24.2,16.7,15.1,20.8,4.38,0.672
2021-06-03,10.100000000000001,11.3,46.9,8.35,21,16.900000000000002,21.7,15.1,12.8,20.599999999999998,4.87,2.88
2021-06-04,11.899999999999999,11.3,50.3,8.82,20.599999999999998,17.5,23.3,13.8,10.2,19.3,3.4099999999999997,0.987
2021-06-05,10.4,9.41,47.3,8.559999999999999,19.8,15.4,23.200000000000003,11.899999999999999,9.08,19.6,4.109999999999999,1.28
2021-06-06,9.81,9.04,49.4,8.57,18.9,15.8,24.5,11.200000000000001,9.19,19.900000000000002,4.5,1.68
2021-06-07,8.5,7.37,48.199999999999996,10.5,19.6,14.499999999999998,28.999999999999996,12.4,10.7,19.5,3.75,1.6099999999999999
2021-06-08,7.13,7.75,44.3,8.43,18.5,14.000000000000002,30.9,11.3,8.790000000000001,19.2,1.05,-0.17500000000000002
2021-06-09,5.489999999999999,8.99,43.8,8.110000000000001,17,14.099999999999998,31.900000000000002,9.74,7.61,18.7,-1.5699999999999998,-2.15
2021-06-10,5.510000000000001,9.11,40.9,8.86,17.7,15,36.5,10,9.379999999999999,18.2,-1.5599999999999998,-3.0300000000000002
2021-06-11,4.44,8.32,41.199999999999996,8.459999999999999,17.599999999999998,14.799999999999999,22.6,10.4,9.55,18.2,-2.4899999999999998,-2.83
2021-06-12,5.34,8.07,39,8.36,17.299999999999997,15.8,24.099999999999998,10.7,10.299999999999999,17.299999999999997,-3.39,-3.5000000000000004
2021-06-13,5.09,8.450000000000001,37.1,8.63,18.2,14.6,21.8,10.5,10,17.8,-3.29,-3.61
2021-06-14,3.7900000000000005,7.85,36.7,8.07,19.1,16.400000000000002,17.4,8.799999999999999,7.55,17.8,-2.26,-4.16
2021-06-15,2.67,7.380000000000001,36.3,8.309999999999999,18.099999999999998,15.5,17,8.709999999999999,9.73,16.5,-2.0500000000000003,-4.5600000000000005
2021-06-16,2.36,5.83,34.1,8.89,18.6,13.5,17.599999999999998,8.58,11.5,16.5,-1.34,-4.61
2021-06-17,1.3,4.82,38.4,6.950000000000001,17.599999999999998,12.6,14.7,7.06,10.8,16.900000000000002,-2.5700000000000003,-5.99
2021-06-18,3.5700000000000003,4.3,41.6,8.290000000000001,18.6,14.7,19.8,8.780000000000001,13.700000000000001,19.400000000000002,-1.09,-4.73
2021-06-19,4.109999999999999,4.71,40.9,7.199999999999999,18,14.099999999999998,23,9.39,15.6,21.6,0.76,-4.06
2021-06-20,2.04,3.8699999999999997,40.8,6.550000000000001,16.8,16.2,24.3,9.9,13.100000000000001,20.4,1,-4.04
2021-06-21,1.34,4.61,40.6,6.22,15.9,16.5,25.6,11.1,14.7,20.599999999999998,0.781,-3.49
2021-06-22,2.65,7.3999999999999995,42.1,7.46,16.6,16.3,26.1,12.2,13.5,22.8,2.2800000000000002,-2.75
2021-06-23,3.47,6.52,43.1,7.23,17.1,15.9,24.7,12.1,13.100000000000001,23.9,2.79,-1.5699999999999998
2021-06-24,4.71,7.470000000000001,41.5,7.91,20.3,16,26,12.5,12.2,23.5,3.25,-1.63
2021-06-25,4.5,8.73,40.400000000000006,6.15,19.5,13.700000000000001,24.9,11.5,8.97,20.7,0.777,-2.29
2021-06-26,3.6700000000000004,8.82,42,5.96,19.900000000000002,11.799999999999999,24.7,11.4,5.5,17.9,-0.367,-2.34
2021-06-27,4.73,9.66,41.699999999999996,5.029999999999999,19.5,9.64,23.3,9.24,6.39,17.5,-2.25,-2.4699999999999998
2021-06-28,5.47,9.16,40.400000000000006,4.2700000000000005,19.1,7.8,24.7,9.32,5.54,17.1,-2.29,-1.51
2021-06-29,6.329999999999999,6.92,37,5.13,19,9.2,24.3,10.4,7.39,15.8,-2.37,-0.836
2021-06-30,4.54,7.13,36.1,6.58,19.6,10.2,25.3,11.1,7.199999999999999,16.400000000000002,-2.4,-0.972
2021-07-01,4.9399999999999995,6.6000000000000005,34,6.23,15.4,10.100000000000001,23.799999999999997,11.5,7.920000000000001,17.2,-4.49,0.034
2021-07-02,4.01,6.92,31.4,7.84,15.5,10.7,23.799999999999997,11.1,10.2,18.2,-2.91,0.249
2021-07-03,3.52,4.71,25.3,9.17,13.5,10.7,22.8,7.960000000000001,8.870000000000001,15.9,-3.82,0.197
2021-07-04,10.4,10.2,37.9,14.499999999999998,19.8,13.3,29.4,17.4,15.6,21.5,2.04,3.2300000000000004
2021-07-05,9.42,7.24,31.900000000000002,13.600000000000001,19.7,9.65,28.000000000000004,16.400000000000002,10.7,18.3,1.35,2.19
2021-07-06,3.49,8.06,36.9,9.2,16.8,11.899999999999999,24,10.6,11.200000000000001,20.200000000000003,-3.15,-0.34199999999999997
2021-07-07,3.51,8.52,38.3,8.84,16.400000000000002,12.7,24.2,8.72,11.3,19.900000000000002,-1.8499999999999999,-0.428
2021-07-08,2.58,8.6,35.5,8.04,17.8,11.899999999999999,24.3,8.92,10,17.9,-0.371,-1.91
2021-07-09,2.8899999999999997,6.800000000000001,35.6,6.619999999999999,19,11.700000000000001,24,9.610000000000001,7.5200000000000005,16.5,-1.4200000000000002,-2.75
2021-07-10,2.17,6.529999999999999,31.900000000000002,7.91,18.6,13.3,21.8,7.8,7.68,15.9,-2.7199999999999998,-3.7900000000000005
2021-07-11,3.26,3.2099999999999995,31.8,8.18,18.6,12.7,20.1,9.99,7.59,15.9,-2.79,-4.04
2021-07-12,6,4.590000000000001,33.900000000000006,11,20.1,15,19.7,14.000000000000002,7.48,17.299999999999997,-2.96,-3.82
2021-07-13,4.2299999999999995,5.48,33.6,9.91,18.3,13.4,20.200000000000003,12.2,7.51,16.3,-3.4799999999999995,-3.85
2021-07-14,4.55,3.5700000000000003,30.8,9.51,17.599999999999998,12.6,19.1,12.8,7.17,15.299999999999999,-5.75,-3.85
2021-07-15,2.68,4.37,33.900000000000006,12.2,16.3,14.000000000000002,20.4,13.200000000000001,6.36,16.6,-4.84,-3.8
2021-07-16,2.71,3.88,38.6,12.4,14.299999999999999,13.100000000000001,21.4,14.2,7.61,17.4,-2.4,-3.54
2021-07-17,3.25,2.96,43.7,11.1,14.6,12.5,23.599999999999998,15.8,7.7700000000000005,18.2,-1.4200000000000002,-3.71
2021-07-18,3.47,5.86,46.2,10,15.5,12.8,24.8,15.5,7.19,17.299999999999997,2.12,-4.09
2021-07-19,3.45,4.32,48.8,9.26,15.299999999999999,12.4,26,11.799999999999999,8.84,16.7,3.08,-4.14
2021-07-20,3.95,2.73,48.3,8.59,15.6,11.899999999999999,25.1,12.5,7.9799999999999995,16.8,3.37,-4.9
2021-07-21,3.06,3.61,48.699999999999996,8.19,14.399999999999999,11.1,24.8,14.399999999999999,7.46,17,3.54,-4.91
2021-07-22,5.79,4.68,51.4,8.110000000000001,17.2,11.200000000000001,24.8,14.099999999999998,8.709999999999999,17.5,3.8,-3.88
2021-07-23,5.8500000000000005,6.09,47.9,8.32,19,13.3,24.6,14.6,8.780000000000001,17.4,0.159,-4.14
2021-07-24,7.340000000000001,7.17,41.8,8.709999999999999,18.9,11.4,23.599999999999998,14.899999999999999,9.1,16.8,-0.101,-3.7699999999999996
2021-07-25,7.23,6.43,40.1,9.25,18.5,11.3,24.8,14.6,10.299999999999999,18.3,-3.2399999999999998,-2.6100000000000003
2021-07-26,5.38,8.38,35.8,8.43,19.400000000000002,12.2,25.5,14.399999999999999,8.68,18.5,-4.04,-2.01
2021-07-27,8.540000000000001,8.38,35.099999999999994,9.180000000000001,20.5,13.8,25.3,14.799999999999999,9.91,18.7,-3.11,-1.5
2021-07-28,10.7,9.120000000000001,39.7,9.94,22.6,13.900000000000002,25.6,14.399999999999999,10.9,18.9,-1.6400000000000001,-1.5
2021-07-29,10,8.59,40.300000000000004,9.04,21.7,13.5,25.7,12.3,12.6,19.1,-2.53,-1.97
2021-07-30,11.899999999999999,9.02,38.800000000000004,8.7,21.5,9.55,23.400000000000002,12.1,12.4,19.400000000000002,-1.05,-1.4000000000000001
2021-07-31,11.700000000000001,7.9,44.800000000000004,8.67,20.200000000000003,14.7,23,11.3,11.899999999999999,19.6,-0.494,-1.79
2021-08-01,7.71,6.800000000000001,42.4,7.109999999999999,19.2,10.2,20.4,7.779999999999999,9.54,18.3,-2.4699999999999998,-3.1399999999999997
2021-08-02,8.35,6.35,41.199999999999996,7.84,20.3,8.459999999999999,19,8.41,10.2,18.4,-2.1399999999999997,-2.8400000000000003
2021-08-03,7.5200000000000005,6.88,41.199999999999996,7.9399999999999995,19.6,9.62,18.7,7.140000000000001,11.200000000000001,18.9,-1.68,-1.3299999999999998
2021-08-04,7.16,8.99,41.4,6.800000000000001,18.099999999999998,12,18.7,5.82,11.4,19.400000000000002,-1.69,-0.966
2021-08-05,5.62,8.18,38.5,5.390000000000001,17.2,12.2,17.299999999999997,8.260000000000002,11.200000000000001,18.6,-2.1999999999999997,-0.216
2021-08-06,4.22,7.86,42,7.049999999999999,17.4,15.9,19.5,7.51,11.200000000000001,18.8,-0.457,0.59
2021-08-07,3.39,8.219999999999999,41.9,5.319999999999999,20.200000000000003,12.9,20.200000000000003,8.32,11.600000000000001,18.7,0.169,2.6100000000000003
2021-08-08,7.249999999999999,10.100000000000001,44.7,6.9,21.4,19.2,23.599999999999998,12.3,14.399999999999999,19.3,2.71,3.95
2021-08-09,7.17,12.3,43.9,6.5600000000000005,21.099999999999998,21,24.099999999999998,12.6,15.9,20.3,4.130000000000001,4.17
2021-08-10,5.6899999999999995,13.5,47.4,6.38,21.9,18.3,23.7,14.7,13.600000000000001,20.4,4.2299999999999995,3.1
2021-08-11,5.26,11,48.6,7.19,22.900000000000002,16.5,25.1,17,13.900000000000002,20.200000000000003,3.85,3.34
2021-08-12,7.41,12.6,51.2,9.09,22.7,17,26.900000000000002,18,12.9,20.7,6.84,3.9899999999999998
2021-08-13,6.08,10,44.800000000000004,7.46,22,14.799999999999999,25.900000000000002,14.899999999999999,14.099999999999998,20.3,5.609999999999999,2.15
2021-08-14,6.35,11.5,40.699999999999996,8.76,20.200000000000003,14.000000000000002,26.200000000000003,15,14.399999999999999,20.200000000000003,3.82,0.361
2021-08-15,5.93,11.200000000000001,37.5,8.24,19.5,12.8,23.3,13.900000000000002,13.5,19.3,2.56,-1.01
2021-08-16,5.26,8.110000000000001,36.1,6.510000000000001,18.6,11.700000000000001,23.5,12.9,12.2,19.2,2.21,-2.27
2021-08-17,3.8899999999999997,7.17,31.900000000000002,6.3,17.599999999999998,13.8,23.7,12.4,13,19,1.37,-2.63
2021-08-18,5.0200000000000005,7.03,31.4,5.92,17.2,14.7,23.200000000000003,10.2,12.5,19.5,0.252,-3.08
2021-08-19,4.78,6.5600000000000005,31.6,5.7700000000000005,19.6,14.6,20.9,9.86,13.900000000000002,20.1,-1.06,-3.44
2021-08-20,6.45,12.5,33.5,7.720000000000001,20.200000000000003,14.399999999999999,20.4,11.700000000000001,14.7,21.099999999999998,-1.28,-2.92
2021-08-21,8.690000000000001,16.1,38.9,12.4,21.7,16.2,20,12.4,15.9,24.3,0.662,-1.6400000000000001
2021-08-22,6.36,13,40.6,9.28,22,13.600000000000001,22.2,13.100000000000001,13.900000000000002,20.8,2.23,-1.9
2021-08-23,7.08,14.299999999999999,45.2,9.66,22.6,12.5,22.3,14.399999999999999,14.399999999999999,21,1.68,-1.47
2021-08-24,5.76,16.1,44.800000000000004,9.28,22.400000000000002,10.100000000000001,24.4,14.399999999999999,15.4,20.4,0.8019999999999999,-0.488
2021-08-25,4.41,17,40.6,9.07,23.3,9.32,24.5,15.2,16.2,19.8,1.54,-0.373
2021-08-26,5.11,17.1,41,10,21.8,9.1,26.3,15.299999999999999,15.6,20.1,1.44,-0.729
2021-08-27,4.4799999999999995,14.499999999999998,42.8,7.89,20.5,9.91,26.1,14.099999999999998,12,17.9,1.25,-1.7999999999999998
2021-08-28,2.33,11.4,39.5,4.22,19.400000000000002,8.06,26.6,12.1,10,15.1,-0.0905,-3.05
2021-08-29,4.54,12.1,39.4,8.19,19.5,8.51,24.9,12.3,14.000000000000002,19.1,-0.335,-2.4299999999999997
2021-08-30,7.22,12.3,37.7,9.71,18.5,9.11,23,9.99,13.600000000000001,17.299999999999997,0.0937,-2.07
2021-08-31,9.93,10.7,38.5,9.719999999999999,20.4,7.93,21.3,10.9,12.4,17.7,2.56,-2.25
2021-09-01,10.7,10.8,42.3,11,19.8,11.1,22,11.1,11.799999999999999,18.5,2.12,-1.68
2021-09-02,5.87,11.700000000000001,50.7,14.7,22.3,9.89,24.9,14.2,13.3,19.2,4.78,1.09
2021-09-03,6.21,8.23,34.5,11.4,20.5,7.290000000000001,21.4,10.8,11.600000000000001,18.4,1.6099999999999999,2.18
2021-09-04,6.21,6.76,30.599999999999998,11,21.9,8.33,21,10.7,12.2,18.099999999999998,1.35,1.1900000000000002
2021-09-05,6.88,7.180000000000001,32.6,12.3,22.3,11,23.1,11.1,12.5,19.3,1.7500000000000002,2.15
2021-09-06,11.5,7.55,32.800000000000004,15.4,23.599999999999998,14.299999999999999,23.7,10.2,9.76,19.2,1.67,4.71
2021-09-07,5.949999999999999,8.290000000000001,33.1,10.9,20.7,11.4,22.2,9.74,9.54,18.6,-1.51,0.079
2021-09-08,3.73,8.690000000000001,26.8,9.86,20.9,9.66,20,9.180000000000001,1.82,17,-1.79,-1.4000000000000001
2021-09-09,-0.35200000000000004,8.85,27.800000000000004,8.24,18.8,12.1,20.8,8.81,3.3000000000000003,16.3,-1.7399999999999998,-3.75
2021-09-10,2.79,10.4,32.5,8.870000000000001,19.5,13.3,21.7,10.8,4.58,16.6,-3.44,-5.93
2021-09-11,4.19,7.920000000000001,37.7,7.99,18.5,14.000000000000002,21.8,12.3,4.1000000000000005,17.5,-1.6500000000000001,-4.6899999999999995
2021-09-12,3.63,8.04,34.4,6.21,17.9,12.9,21.7,11.200000000000001,2.25,17.5,-0.219,-5.11
2021-09-13,-0.579,7.3,33.4,5.319999999999999,18.9,15.7,24,11.600000000000001,4.67,16.900000000000002,-0.484,-5.26
2021-09-14,0.40800000000000003,5.06,40.300000000000004,5.779999999999999,18.7,15.1,23,11.600000000000001,12.4,16.6,-0.628,-3.7699999999999996
2021-09-15,-0.315,3.17,36.3,4.95,19.1,12.9,23.200000000000003,12.9,15.6,16.5,0.997,-3.6900000000000004
2021-09-16,1.82,3.6700000000000004,37.8,4.92,19.5,12.1,21.3,14.099999999999998,15.6,18,1.29,-3.25
2021-09-17,2.81,0.293,42.3,5.89,19.6,11.4,23.1,17.4,15.5,18.5,4.859999999999999,-2.81
2021-09-18,2.32,0.786,41.199999999999996,6.859999999999999,19.900000000000002,11.200000000000001,25.2,18.6,16.2,18.5,4.3,-1.3299999999999998
2021-09-19,4.15,2.6100000000000003,46.2,8.59,22.8,11.3,26.400000000000002,20.3,19.2,19.1,4.73,-0.193
2021-09-20,6.67,1.48,49.7,10.9,22.8,8.959999999999999,26.8,22.2,18,20,5.7299999999999995,-0.0923
2021-09-21,7.04,3.27,46,11,22.7,10.100000000000001,28.000000000000004,21.6,18,19.8,6.5,-0.525
2021-09-22,7.960000000000001,4.41,48.1,11.4,20.7,11.799999999999999,28.299999999999997,19.400000000000002,15.6,19.400000000000002,4.53,-0.459
2021-09-23,8.28,5.609999999999999,47.199999999999996,13.3,19.2,11.3,29.5,18.099999999999998,14.6,19.900000000000002,4.1000000000000005,0.35400000000000004
2021-09-24,7.46,7.35,47,11.3,20.5,12.8,28.4,16.5,11.799999999999999,20,2.82,1.9800000000000002
2021-09-25,7.86,8.89,45.9,11.899999999999999,21,13.700000000000001,26.900000000000002,16.6,12.3,20.599999999999998,2.21,3.16
2021-09-26,5.9799999999999995,7.79,45.6,11,19.6,15.2,26.900000000000002,17.299999999999997,9.610000000000001,20.5,2.23,4.06
2021-09-27,3.32,9.139999999999999,39.1,8.19,19.400000000000002,17.5,26.200000000000003,16.6,10.9,20.599999999999998,1.7000000000000002,3.8699999999999997
2021-09-28,3.4000000000000004,9.139999999999999,40.699999999999996,8.09,19.5,18.099999999999998,26.6,16.400000000000002,11.600000000000001,21.4,1.37,3.2300000000000004
2021-09-29,3.32,8.27,43,7.5200000000000005,19.6,17.299999999999997,25.8,17.7,9.02,21.4,1.08,3.2099999999999995
2021-09-30,2.32,6.4399999999999995,43.5,5.35,22.2,19.5,24.4,14.899999999999999,11.3,19,0.773,2.67
2021-10-01,4.21,4.6,45.6,8.12,22.400000000000002,17.599999999999998,24.9,13,13,18.3,-1.55,2.09
2021-10-02,3.88,4.9799999999999995,49,7.86,23.200000000000003,16.2,25.5,9.879999999999999,14.2,19.400000000000002,-0.33999999999999997,1.44
2021-10-03,5.65,6.61,49.5,6.99,24,16,24,10.100000000000001,16.1,19.8,-1.26,-1.76
2021-10-04,7.93,5.1499999999999995,58.9,8.49,24.8,14.499999999999998,24.2,10.4,14.499999999999998,20.3,-2.3800000000000003,-1.3299999999999998
2021-10-05,6.4399999999999995,4.109999999999999,57.4,8.38,24.2,16,23.799999999999997,11.4,13.4,21.5,-2.34,-0.676
2021-10-06,6.959999999999999,5.4,57.99999999999999,8.790000000000001,24.9,11.899999999999999,24.4,9.84,16,22.2,-2.09,-0.645
2021-10-07,7.9399999999999995,6.76,57.99999999999999,9.5,26.1,11.5,25.7,12.5,13.5,22.8,0.122,1.68
2021-10-08,9,6.8500000000000005,56.99999999999999,7.88,26.900000000000002,14.2,26.200000000000003,12.5,13.700000000000001,23.7,3.1300000000000003,1.53
2021-10-09,11.5,7.75,57.99999999999999,10.7,26.700000000000003,17.2,26.5,14.7,14.399999999999999,23.599999999999998,4.92,0.33
2021-10-10,10.299999999999999,5.13,53.800000000000004,11.5,26,16.1,27.3,15.2,13,22.6,5.6000000000000005,1.87
2021-10-11,9.969999999999999,6.59,59.599999999999994,14.799999999999999,26.400000000000002,15.5,28.4,18.4,10.2,23.200000000000003,7.04,0.45199999999999996
2021-10-12,13.600000000000001,6.29,53.300000000000004,11.700000000000001,26.6,17.2,27.1,15.8,13.5,20.7,5.76,-0.09659999999999999
2021-10-13,13.100000000000001,7.39,51.300000000000004,12.2,26.400000000000002,14.899999999999999,26.900000000000002,16.3,11.899999999999999,20.200000000000003,6.569999999999999,-0.795
2021-10-14,18,6.41,58.699999999999996,14.000000000000002,26.6,12.7,27.3,19.1,10.5,20.1,5.93,-2.68
2021-10-15,8.649999999999999,8.81,50.1,10.7,23.1,10.299999999999999,24.5,17.2,14.7,19.2,2.9499999999999997,-2.76
2021-10-16,6.67,9.42,44,9.66,23.5,10.9,25.1,17.599999999999998,15.2,19.7,1.25,-2.17
2021-10-17,7.99,11.700000000000001,48.6,11.600000000000001,24.099999999999998,13.4,26,17.599999999999998,17.5,21,2.07,-2.09
2021-10-18,6.959999999999999,11.4,47.8,11.4,23.1,11.899999999999999,25.8,15.4,16.3,20.200000000000003,3.08,-2.9499999999999997
2021-10-19,5.949999999999999,11.899999999999999,47.4,11.5,23.200000000000003,12.4,25.7,14.799999999999999,18.7,21.2,4.41,-1.1199999999999999
2021-10-20,4.83,11.1,47.3,10.2,21.8,11.700000000000001,24.4,15.7,21.3,21.6,3.3300000000000005,-0.32399999999999995
2021-10-21,3.56,12.7,42.1,10.7,20.3,13.5,25.2,16.900000000000002,21.099999999999998,23.9,3.5999999999999996,-0.428
2021-10-22,8.44,11.799999999999999,50.8,12.2,22.7,13.900000000000002,27,17.599999999999998,20.8,24.9,5.82,0.0278
2021-10-23,9.3,12.6,51.1,12.9,23.5,11.899999999999999,27.800000000000004,18.9,19.5,25.2,5.53,-0.0681
2021-10-24,8.62,15.4,48,12.5,23.5,11.200000000000001,28.599999999999998,20.8,16.400000000000002,24.9,6.34,1.87
2021-10-25,8.36,17.4,49.3,12.4,23.599999999999998,11.799999999999999,28.9,20.7,18.8,25.6,6.7299999999999995,3.56
2021-10-26,8.82,17.7,45.6,11.3,21.8,11.5,28.599999999999998,21.6,15.7,23.599999999999998,3.35,2.27
2021-10-27,9.379999999999999,15.9,45.9,13.5,24.4,14.2,31.6,24.099999999999998,16.400000000000002,24.3,5.18,3.51
2021-10-28,11.200000000000001,14.2,48.8,15.2,26.400000000000002,13.700000000000001,33.5,23.400000000000002,16.5,24.3,8.18,3.7199999999999998
2021-10-29,10.9,12.5,46.5,15.8,24.6,15,31.4,23.1,15.7,23.3,7.85,2.76
2021-10-30,10.4,10.7,45.800000000000004,14.000000000000002,22.1,15.299999999999999,28.9,23.3,14.799999999999999,22.1,7.359999999999999,1.7000000000000002
2021-10-31,11.1,8.110000000000001,48.9,13.100000000000001,21.3,15.6,27.700000000000003,19.6,16.2,20.5,4.9799999999999995,-0.27899999999999997
2021-11-01,9.42,5.84,45.5,14.299999999999999,21.2,16.3,26.700000000000003,17.4,14.499999999999998,21.3,2.69,0.543
2021-11-02,10.100000000000001,5.949999999999999,50.3,16.2,23,19.5,27.500000000000004,18.4,16.1,24.4,4.82,3.81
2021-11-03,10.2,6.279999999999999,48,13.8,22,17.1,25.8,14.6,15.9,22.900000000000002,3.6700000000000004,2.2399999999999998
2021-11-04,8.3,8.38,48.8,12,21.5,14.899999999999999,25.5,14.6,15.4,22.5,2.08,1.92
2021-11-05,8.72,10.7,49.3,11,23.5,19.5,27.200000000000003,15.1,15.2,23.3,2.34,2.33
2021-11-06,8.780000000000001,12.7,50.7,11.700000000000001,25,20.1,30.599999999999998,15.1,17.7,24.9,4.04,4.18
2021-11-07,9.39,13.8,47.699999999999996,12.5,26,18.7,31.8,15.7,19.6,27.6,7.7700000000000005,6.569999999999999
2021-11-08,11.799999999999999,15.6,43.8,11.5,24.8,18.7,31.7,17.599999999999998,17.8,26.6,9.29,5.949999999999999
2021-11-09,12.4,13.100000000000001,44.6,10.5,25,16,30.4,18.5,19.2,25.5,8.44,4.16
2021-11-10,12.8,13,43.9,12.6,26.6,17.9,31.1,20.200000000000003,19.1,26.3,8.43,5.07
2021-11-11,9.41,14.099999999999998,44.3,16.5,28.199999999999996,16.400000000000002,30.5,21.8,21.8,27.1,7.93,6.59
2021-11-12,9.42,13.600000000000001,43.4,12.2,26.200000000000003,16,31,19.900000000000002,21.6,26.400000000000002,5.36,4.17
2021-11-13,10,12.2,41.699999999999996,10.9,26.6,16.1,30.7,20.1,20.1,24.5,3.8,3.64
2021-11-14,9.43,12.2,41.699999999999996,10.6,28.199999999999996,16.900000000000002,30.099999999999998,21.7,17.1,23.1,-0.16199999999999998,2.52
2021-11-15,8.27,10.9,40.5,8.799999999999999,29.099999999999998,17.299999999999997,28.999999999999996,21.6,18.8,22.8,-0.17600000000000002,1.76
2021-11-16,5.11,11.5,36.8,8.42,29.299999999999997,16.6,30.099999999999998,20.5,17.9,21.9,1.01,0.915
2021-11-17,3.29,11,36.3,5.75,28.1,14.6,28.799999999999997,18.5,17.5,20.5,-0.915,0.799
2021-11-18,3.5900000000000003,9.180000000000001,32.2,5.029999999999999,28.4,14.799999999999999,29.299999999999997,19.400000000000002,18.7,21.6,-0.915,2.68
2021-11-19,7.31,11.1,41.4,6.279999999999999,29.4,16.1,30.3,21.5,16.400000000000002,21.9,-1.69,3.2199999999999998
2021-11-20,8.4,13.200000000000001,40.400000000000006,8.129999999999999,29.099999999999998,18.5,29.5,22.3,17.4,23.7,0.373,3.85
2021-11-21,9.34,13.8,41.4,8.93,29.299999999999997,19.5,30.9,23,20.4,24.5,4.04,4.12
2021-11-22,7.1,15.1,43.5,11,29.2,16.400000000000002,31.6,23.599999999999998,19.900000000000002,24.4,3.81,4.51
2021-11-23,8.25,15.9,45.800000000000004,9.84,27,16.1,31.900000000000002,20.4,17.8,23.5,2.18,5.140000000000001
2021-11-24,4.5600000000000005,12.8,47,8.559999999999999,23.3,15.9,27.3,18.7,14.000000000000002,21.2,5.55,4.36
2021-11-25,5.9799999999999995,7.84,49.4,7.3,23,16.400000000000002,24.4,13.5,12.7,18.4,2.46,3.06
2021-11-26,7.07,12.2,46.5,7.9399999999999995,24.9,11.3,24.9,15.8,15.4,19,2.0500000000000003,3.46
2021-11-27,-3.3300000000000005,1.66,40.5,-0.406,14.899999999999999,7.84,13.200000000000001,2.83,4.01,17.8,-3.8,-3.93
2021-11-28,6.16,11.600000000000001,48.5,7.539999999999999,23.200000000000003,13.700000000000001,22.5,13,13.3,16.7,1.25,3.19
2021-11-29,6.54,11.4,46.7,7.95,23.5,13.200000000000001,23.1,13.5,13.4,17.2,1.2,2.86
2021-11-30,6.909999999999999,11.1,30.4,0.28500000000000003,23.799999999999997,9.610000000000001,23.799999999999997,14.000000000000002,13.4,17.7,1.1400000000000001,2.52
2021-12-01,2.06,4.09,30.3,0.79,18.5,13.3,15.8,11,12.3,12.8,-3.91,-1.5599999999999998
2021-12-02,4.66,5.2299999999999995,32.9,3.0700000000000003,15.9,11.899999999999999,16.7,12.4,10.299999999999999,14.000000000000002,-1.4500000000000002,-0.5950000000000001
2021-12-03,6.1,9.78,34.1,5.81,24.8,12.4,25.7,15.6,12.4,17.7,-0.377,-0.0033000000000000004
2021-12-04,8.32,9.55,34.699999999999996,7.4399999999999995,23.7,8.7,24,14.7,12.8,18.2,-0.49,-0.219
2021-12-05,8.77,9.87,36,10.4,25.5,10.2,27,16.400000000000002,13.5,20.200000000000003,0.865,0.844
2021-12-06,7.3,6.88,31.900000000000002,8.76,21.6,7.290000000000001,25.6,12.4,11.3,16.3,-1.79,-1.67
2021-12-07,4.53,6.08,36.5,9.569999999999999,19.900000000000002,7.86,24.099999999999998,10.6,9.8,15.1,-3.62,-3.9800000000000004
2021-12-08,1.72,4.590000000000001,31.8,6.329999999999999,16.6,11.600000000000001,19.1,7.32,6.2,12.5,-7.12,-5.38
2021-12-09,1.59,4.33,32.300000000000004,8.25,16.2,3.4099999999999997,20.7,7.7700000000000005,7.99,12.3,-6.59,-6.52
2021-12-10,6.05,4.34,37.4,8.92,18.099999999999998,12.6,21.9,9.29,12.7,14.499999999999998,-2.91,-0.9450000000000001
2021-12-11,5.72,6.41,42.6,9,18.7,12.2,23.400000000000002,10.4,12.5,16.5,-1.08,-1.5599999999999998
2021-12-12,6.21,8.61,44.6,9.15,18.9,13.600000000000001,22.3,10.5,14.399999999999999,18.3,-0.38,-1.66
2021-12-13,8,8.32,48.6,8.58,20.8,16.6,23.7,11.799999999999999,13.4,20.3,0.9769999999999999,-0.8250000000000001
2021-12-14,9.26,10.4,44.9,9.879999999999999,23.1,19.1,24.9,13.700000000000001,15.1,21.7,3.65,0.997
2021-12-15,12.3,12.6,49.2,12.2,26,21.9,29.099999999999998,16.6,17.1,23.5,6.59,3.2199999999999998
2021-12-16,12.3,11.200000000000001,44.1,10.6,27.500000000000004,20.1,29.5,18.099999999999998,17.299999999999997,24.4,7.180000000000001,2.77
2021-12-17,10.4,16.1,47.5,13.100000000000001,26.200000000000003,15.299999999999999,27.500000000000004,18.099999999999998,13,23.7,4.52,1.68
2021-12-18,6.75,11.799999999999999,42.4,9.82,23.400000000000002,13.8,24.8,17.1,11.600000000000001,21.099999999999998,2.78,-0.27299999999999996
2021-12-19,5.27,9.84,43.8,7.3,20.4,10.5,23.3,14.899999999999999,10.100000000000001,18.3,0.8909999999999999,-0.966
2021-12-20,4.24,9.85,43.5,6.88,18.4,9.139999999999999,21.4,14.799999999999999,10.4,17.8,0.865,-0.105
2021-12-21,5.11,9.56,46,6.619999999999999,18.7,8.39,21.5,13.100000000000001,10.100000000000001,16,0.573,0.9339999999999999
2021-12-22,7.41,10,46.1,7.199999999999999,19.8,7.7,21.099999999999998,13.3,10.299999999999999,16.8,1.39,0.614
2021-12-23,7.68,9.16,45.800000000000004,7.470000000000001,19.400000000000002,6.65,20.599999999999998,10.6,8.6,16.400000000000002,0.507,1.6500000000000001
2021-12-24,12.3,10.9,40.8,5.89,21.5,10.6,23.3,11.3,13.900000000000002,18.099999999999998,4.109999999999999,3.74
2021-12-25,16.1,11.1,47.599999999999994,12.5,24.5,7.920000000000001,26.6,16.6,14.7,21.2,6.529999999999999,6.65
2021-12-26,13.600000000000001,11.3,48.199999999999996,13.4,25.7,11.799999999999999,28.4,16.8,15.4,23.200000000000003,5.24,7.920000000000001
2021-12-27,16.2,13.4,55.800000000000004,15.1,30.099999999999998,13.700000000000001,27.6,18.099999999999998,17,26.200000000000003,5.7,8.129999999999999
2021-12-28,18.7,17.5,62,17.5,24.7,18.2,38.7,22.1,21.4,22,8.73,9.22
2021-12-29,19.1,21.5,69.69999999999999,20.599999999999998,41.5,22.400000000000002,26.200000000000003,26.400000000000002,25.1,21.4,9.24,11.899999999999999
2021-12-30,19.5,24.5,47.8,22.7,43.7,26.3,45.7,24.9,26.1,40.8,6.7,11.4
2021-12-31,8.799999999999999,11.200000000000001,76.2,10.5,44.4,27.900000000000002,47.699999999999996,22.5,28.7,38.9,5.1499999999999995,8.53
2022-01-01,11,11.200000000000001,47.5,14.2,22.6,14.6,24.099999999999998,14.399999999999999,12.6,19.7,0.567,6.7299999999999995
2022-01-02,6.87,11.1,47.4,9.39,22.1,15.1,23.400000000000002,14.000000000000002,12.1,19.1,-3.02,2.02
2022-01-03,5.17,12.7,42.9,10.100000000000001,24.7,16,23.799999999999997,14.399999999999999,12.3,20.200000000000003,-3.88,5.12
2022-01-04,3.82,11.600000000000001,43,8.93,21.5,14.000000000000002,22,10.299999999999999,11,18.2,-5.970000000000001,2.45
2022-01-05,1,7.24,38.5,4.54,17.1,10.9,19.6,10.2,8.64,15.2,-9.19,4.6
2022-01-06,7.7700000000000005,11.899999999999999,45.6,9.42,21,14.799999999999999,23.1,8.48,11.4,18,0.9740000000000001,5.46
2022-01-07,3.74,14.000000000000002,37.3,9.43,19.2,14.6,21.3,7.670000000000001,12.3,16.1,-3.6700000000000004,1.63
2022-01-08,5.96,9.99,30.3,6.01,22.8,13.900000000000002,23.200000000000003,4.279999999999999,16.3,18.8,-0.715,7.19
2022-01-09,8.44,15.2,33.2,9.45,26.1,15.299999999999999,26.8,5.1499999999999995,19.6,21.7,3.9699999999999998,8.05
2022-01-10,12.7,15.7,38.1,12.5,29.099999999999998,19.1,30.2,7.91,24.7,25.7,4.24,8.35
2022-01-11,14.899999999999999,22.5,38.4,14.399999999999999,33.6,19.400000000000002,34.2,12.2,27,29.099999999999998,13,10.9
2022-01-12,17.7,26.8,46.300000000000004,17.8,37.4,22.7,36.8,15.5,28.4,30.3,4.79,14.099999999999998
2022-01-13,16.900000000000002,31.6,46.7,17.7,39.6,23.599999999999998,38.9,18,30,31.5,18,16.7
2022-01-14,9.78,17.7,40.1,9.370000000000001,29.299999999999997,27.500000000000004,28.299999999999997,10.6,34.9,24.099999999999998,5.34,6.22
2022-01-15,10.100000000000001,18.2,55.50000000000001,9.36,29.9,24.6,28.7,11.700000000000001,17.9,24.5,5.62,5.86
2022-01-16,10.299999999999999,18.7,42.8,9.35,30.599999999999998,16.400000000000002,28.999999999999996,12.8,17.599999999999998,25,5.89,5.489999999999999
2022-01-17,5.66,18.8,36.1,9.42,30.099999999999998,16.5,28.599999999999998,13,17.9,25.7,6.1,5.24
2022-01-18,1.52,10.2,34.9,-0.34299999999999997,29.599999999999998,8.4,18.8,3.4000000000000004,8.66,15.9,-4.1000000000000005,-2.73
2022-01-19,0.743,5.76,31.8,-2.48,20.3,7.6899999999999995,16.8,3.06,7.539999999999999,14.299999999999999,-5.62,-5.18
2022-01-20,1.87,6.03,35.6,-1.7399999999999998,18.9,6.260000000000001,15.299999999999999,2.3800000000000003,6.84,14.6,-5.81,-6.800000000000001
2022-01-21,6.75,3.9800000000000004,42.4,-1.8399999999999999,15.1,4.77,14.2,1.0699999999999998,7.090000000000001,15.4,-6,-7.5200000000000005
2022-01-22,5.74,7.91,37.8,1.13,18.2,8.7,17,4.43,10.2,28.999999999999996,-2.52,3.9699999999999998
2022-01-23,12.9,19.3,47.5,9.84,27.3,17,26.5,14.099999999999998,19.6,29.7,7.35,3.7199999999999998
2022-01-24,17.5,24,54.400000000000006,9.75,32,18.8,26.1,14.799999999999999,18.9,28.599999999999998,10.8,6.78
2022-01-25,19.8,25.2,56.00000000000001,18,33.300000000000004,21,33.300000000000004,25.2,28.000000000000004,38.5,13.900000000000002,8.4
2022-01-26,18.7,29.099999999999998,55.50000000000001,19.6,37.5,21.7,33.5,25.6,28.000000000000004,41.3,13.8,8.709999999999999
2022-01-27,17.299999999999997,25.5,53.800000000000004,19,38.7,22.2,34.599999999999994,26,28.499999999999996,41.4,14.2,8.35
2022-01-28,16.3,28.000000000000004,50.7,20.1,40.300000000000004,24.8,38.5,26.3,29.9,42.5,12.8,9.49
2022-01-29,9.4,17,47.3,9.33,30.7,13,24.2,18.4,15.1,23.5,0.715,-0.211
2022-01-30,8.81,16.6,49.4,9.25,31.3,12.4,23.799999999999997,19.2,14.399999999999999,22.400000000000002,-0.38999999999999996,-0.8659999999999999
2022-01-31,7.37,14.899999999999999,47,8.06,33.1,13.4,22.6,21.8,13.5,21.4,1.41,-1.97
2022-02-01,8.690000000000001,14.299999999999999,45.800000000000004,9.49,33.1,13.8,21.5,19.400000000000002,13.100000000000001,20.1,-0.294,-1.66
2022-02-02,8.07,14.299999999999999,44.6,8.76,31.3,12.4,22,19,13.4,18.2,-0.19499999999999998,-2.1
2022-02-03,8.19,14.299999999999999,41.4,8.12,31.3,10.9,20.599999999999998,17.299999999999997,12.2,16.6,-1.04,-0.8500000000000001
2022-02-04,4.96,9.180000000000001,37.9,3.91,29.799999999999997,7.51,18,13.700000000000001,9.91,13.700000000000001,-4.04,-2.21
2022-02-05,14.000000000000002,19.400000000000002,45.2,15.299999999999999,39.6,17.9,32.7,21.099999999999998,21.9,27.700000000000003,5.16,7.02
2022-02-06,14.899999999999999,19.8,43.8,16.3,40.9,18.8,34.1,21.4,23.1,28.599999999999998,6.08,8.33
2022-02-07,14.499999999999998,19.3,47.099999999999994,16.6,39.2,20.4,33.7,18.5,20.7,27.1,6.140000000000001,9.3
2022-02-08,13.200000000000001,20.4,45.6,15.299999999999999,38.3,19.7,34.5,18.7,20.4,26.400000000000002,6.3,8.41
2022-02-09,13.8,18.4,45.300000000000004,15.299999999999999,38.800000000000004,19.900000000000002,32.7,18.4,20.8,26.3,4.45,8.16
2022-02-10,11.5,17.4,42.199999999999996,10.8,38.5,22.1,32.800000000000004,17,19.900000000000002,24.099999999999998,1.96,5.0200000000000005
2022-02-11,12.2,18.9,44.4,10.5,39.6,19.2,31.5,18.4,19.5,24.2,3.08,4.5
2022-02-12,14.899999999999999,23.3,44.5,13.200000000000001,41.699999999999996,20.7,33.300000000000004,21.5,21.3,25.2,7.430000000000001,3.32
2022-02-13,12.1,23.400000000000002,45.1,12.2,38.6,17.4,27.900000000000002,17.4,16.7,21.4,5.7,1.24
2022-02-14,11.200000000000001,24.8,43.6,10.8,37.6,14.899999999999999,28.000000000000004,18.3,16.8,20.7,4.18,-0.5539999999999999
2022-02-15,10.9,22.900000000000002,47.599999999999994,11.799999999999999,38.2,14.2,27.700000000000003,18.9,15.1,20.4,3.8,0.0884
2022-02-16,10.7,23.799999999999997,49.5,11,37.4,13.700000000000001,27.700000000000003,19.1,12.5,21.099999999999998,4.109999999999999,-0.504
2022-02-17,11.4,24,51.9,13.600000000000001,37.3,12.1,26.700000000000003,20.599999999999998,11.4,21.6,4.07,0.8410000000000001
2022-02-18,16.400000000000002,27,61.7,17.299999999999997,37.9,14.099999999999998,26.5,24.7,9.41,21.2,5.2,2.36
2022-02-19,11.600000000000001,22.2,50,11.600000000000001,34.4,13.8,24.8,20.1,8.649999999999999,20.1,4.109999999999999,1.7500000000000002
2022-02-20,11.5,22,50.8,11.600000000000001,39,17.4,30.2,24.9,13.200000000000001,23.1,3.85,2.8000000000000003
2022-02-21,11.600000000000001,21.3,50.8,11.899999999999999,39.800000000000004,18,25.5,26.700000000000003,10,20.599999999999998,5.87,2.92
2022-02-22,11.700000000000001,25.3,53.800000000000004,12.2,40.699999999999996,20.4,30.599999999999998,26.900000000000002,14.000000000000002,24.2,5.99,3.7699999999999996
2022-02-23,14.799999999999999,26.3,54.2,14.7,41.5,21.3,33.800000000000004,27.400000000000002,16.3,24.5,9.04,5.7
2022-02-24,16.5,28.000000000000004,54.900000000000006,17.4,42.699999999999996,20.3,36.8,30.4,19.5,26.5,13,6.64
2022-02-25,14.2,24.5,49.3,15.4,43.8,27,38.800000000000004,28.199999999999996,20.1,26.3,11.600000000000001,6.660000000000001
2022-02-26,15.4,21.8,53.2,16.2,42.3,24.2,36.3,27,18.8,23.599999999999998,10.299999999999999,4.04
2022-02-27,12.1,17.1,51.300000000000004,13.900000000000002,37,22.5,31.5,22.5,16.6,20.9,6.58,2.8000000000000003
2022-02-28,10.299999999999999,16.3,52.2,13.4,36.5,20.9,29.5,18,16,19.6,2.81,3.4000000000000004
2022-03-01,9.55,13,43.4,12.1,35.5,19.8,27.200000000000003,14.7,17.5,20.4,-0.453,0.9610000000000001
2022-03-02,9.5,12.3,43.3,13.200000000000001,37.4,20.599999999999998,29.2,16.1,17.9,20.7,-1.6400000000000001,0.751
2022-03-03,7.8100000000000005,8.92,39,9.77,36.6,17.599999999999998,26.5,13.5,15.6,18.6,-3.9800000000000004,1.78
2022-03-04,10.299999999999999,12.6,43.8,13.8,36.4,17.599999999999998,25,15.6,15.8,20.3,-0.8170000000000001,1.32
2022-03-05,14.099999999999998,15.299999999999999,46.2,15.6,40.300000000000004,19.3,27.3,18.4,19.6,24.099999999999998,1.09,4.37
2022-03-06,17.4,19,47.199999999999996,18.5,43.3,19.400000000000002,30.2,20.599999999999998,20,27.3,2.13,7.39
2022-03-07,18.8,20.200000000000003,50.4,18,44.7,20,31.6,24.5,20.5,28.9,5.26,7.7299999999999995
2022-03-08,19.5,22.8,52.7,19.5,47.699999999999996,22.1,32.4,27.1,22.5,29.5,9.29,10.2
2022-03-09,19.2,20.7,54.1,18,45.800000000000004,20.9,31,24.5,22.3,28.799999999999997,7.46,8.03
2022-03-10,23.400000000000002,25.4,65.5,22.1,46,23.1,34.300000000000004,27.500000000000004,25,32.2,9.049999999999999,7.16
2022-03-11,25.5,26.8,72,23.1,47.5,22.2,35.6,28.9,23.599999999999998,31.900000000000002,8.53,8.16
2022-03-12,22.6,24.2,75.2,21,43.4,16.900000000000002,33.900000000000006,24.099999999999998,19.3,28.599999999999998,7.06,4.95
2022-03-13,22.5,22.6,79.2,20.7,39.900000000000006,14.799999999999999,33.5,21.2,17.9,27.1,5.72,2.68
2022-03-14,22.6,23.3,77.5,21.8,38.9,14.000000000000002,32.1,21.5,17.5,26.900000000000002,6.02,2.58
2022-03-15,25.3,24.099999999999998,83.5,22.2,37.4,12,31.900000000000002,21.9,14.299999999999999,26.200000000000003,7.39,1.7500000000000002
2022-03-16,24.6,28.000000000000004,81.5,23.1,36.4,10.8,32.2,24.099999999999998,14.499999999999998,27.400000000000002,8.18,2.42
2022-03-17,23.3,25.7,74.5,20.3,36.1,6.6000000000000005,29.7,22.3,13.8,26.200000000000003,7.2700000000000005,1.1199999999999999
2022-03-18,22.7,25,65.2,18.6,36.1,11.5,30.4,20.599999999999998,13.900000000000002,26.400000000000002,7.670000000000001,0.416
2022-03-19,24.6,27.200000000000003,64.9,20.8,37.7,16.8,30,24.6,16.400000000000002,27.900000000000002,10.8,2.1999999999999997
2022-03-20,22.8,28.4,58.4,20.9,40.400000000000006,18.6,28.799999999999997,26.8,19.1,28.999999999999996,12.6,2.74
2022-03-21,23.5,26.8,59.099999999999994,20.5,39.2,17.599999999999998,29.099999999999998,26.200000000000003,19.900000000000002,28.299999999999997,9.81,2.65
2022-03-22,21.7,28.199999999999996,56.39999999999999,19.3,37.6,19,27.800000000000004,26,22.5,28.999999999999996,8.77,3.15
2022-03-23,21.3,26.8,54.900000000000006,17.599999999999998,37,21.9,27.3,23.9,21.5,27.900000000000002,7.89,2.58
2022-03-24,19.3,25.5,52.5,16.1,36.199999999999996,22.6,26,24.3,21,26.900000000000002,8.540000000000001,2.39
2022-03-25,20.7,26.700000000000003,54.400000000000006,16.1,34.300000000000004,14.6,25.6,22.2,22.6,26.400000000000002,8.98,1.28
2022-03-26,20.200000000000003,26.8,52.300000000000004,16.1,32.5,14.899999999999999,27.6,22.1,21.7,26.400000000000002,6.75,2.5100000000000002
2022-03-27,20.7,25.6,54,15.4,30.599999999999998,13,27.400000000000002,21.7,20.5,25.6,6.460000000000001,2.13
2022-03-28,21.3,25.6,51.9,13.900000000000002,31.4,13.900000000000002,28.599999999999998,20.599999999999998,18.5,25.5,7.9,2.09
2022-03-29,18.7,21.7,51.300000000000004,13.600000000000001,32.1,12.2,30.4,18.8,17.599999999999998,25,7.22,1.5
2022-03-30,20.8,22.2,52.800000000000004,14.2,33.800000000000004,13.3,31.6,21.4,18.7,26,7.9,3.6999999999999997
2022-03-31,22.7,23.200000000000003,54.50000000000001,16.3,35.8,15.6,33.7,20.8,18.4,27.1,7.24,4.2299999999999995
2022-04-01,21.3,21.8,57.099999999999994,16.5,37.4,16.1,32.2,22.6,16.8,28.9,5.3100000000000005,6.87
2022-04-02,21.7,21.3,58.699999999999996,17,41.099999999999994,16.5,32.5,23.9,15.6,28.499999999999996,5.76,7.580000000000001
2022-04-03,23.599999999999998,21,59.099999999999994,17.4,43.8,18.5,33.6,25.3,15.8,28.9,4.760000000000001,7.6499999999999995
2022-04-04,23.400000000000002,20.7,57.3,18.9,45,19.2,32.800000000000004,25.4,17.8,30.5,5.24,7.75
2022-04-05,26.6,22.2,59.8,19.8,44.4,20.200000000000003,32.1,28.599999999999998,18.6,31,5.0200000000000005,9.01
2022-04-06,23.3,20.7,58.8,19.5,45.6,18.7,31.900000000000002,27,17.299999999999997,30.599999999999998,5.029999999999999,8.649999999999999
2022-04-07,21.7,20.4,59.199999999999996,18.6,44.1,16.1,31.2,25.6,17.1,29.7,5.0200000000000005,9.180000000000001
2022-04-08,21.7,19.5,56.699999999999996,17.599999999999998,44.7,14.499999999999998,31.1,26.700000000000003,18,28.000000000000004,5.5,9.32
2022-04-09,21.5,19.8,53.2,17.599999999999998,43,13.8,31.4,26.6,18.3,29.4,6.0600000000000005,8.04
2022-04-10,19.3,19.900000000000002,50.5,17.1,42.3,13.3,30.8,24.8,18.9,29.099999999999998,6.63,8.63
2022-04-11,19.1,21.099999999999998,55.400000000000006,17.299999999999997,43.7,13.200000000000001,31.4,25.4,19.3,27.900000000000002,5.47,8.95
2022-04-12,19.400000000000002,22.6,53.6,18.099999999999998,47.5,12.8,32.800000000000004,25.900000000000002,18.5,27.800000000000004,6.83,7.66
2022-04-13,22.400000000000002,24.099999999999998,54.1,20.4,46.2,14.799999999999999,33.5,26.1,19,27.900000000000002,8.36,7.68
2022-04-14,25,25.8,55.50000000000001,22.1,48,17.1,34.599999999999994,28.599999999999998,21.3,29.5,9.25,9.01
2022-04-15,25.3,27.6,60.199999999999996,23.7,45.6,19.900000000000002,35.8,26.1,22.400000000000002,31.2,9.569999999999999,9.08
2022-04-16,25.4,29.099999999999998,63.9,22.1,44.4,19.900000000000002,35.199999999999996,24.7,22.900000000000002,30.7,8.08,7.21
2022-04-17,22.2,27,63.1,16.7,40.5,19.5,31.8,22.900000000000002,17.9,26.3,5.390000000000001,4.96
2022-04-18,21.5,25.3,62.3,14.299999999999999,37.1,19.1,30.099999999999998,24.099999999999998,16,25.5,4.89,NA
2022-04-19,18.5,22.2,57.699999999999996,10.2,32.9,18.3,28.299999999999997,22.2,14.6,23.5,1.9900000000000002,NA
2022-04-20,18.4,21.6,59.4,9.08,33.4,18.2,27.3,21.4,14.099999999999998,22.5,0.45999999999999996,NA
2022-04-21,21.3,23.3,64.8,11.899999999999999,35.699999999999996,18.8,30.5,23.599999999999998,15.9,28.4,1.7399999999999998,NA
2022-04-22,20.8,21.099999999999998,61.6,11,37.5,17.8,29.5,24.7,16.1,27.3,-1.03,NA
2022-04-23,21.099999999999998,18.9,60.5,10.299999999999999,38.4,17.7,27.6,24.7,13.600000000000001,26.200000000000003,-0.812,NA
2022-04-24,25.1,19.8,65.5,15.6,41.699999999999996,17.8,29.7,28.299999999999997,16.400000000000002,29.9,2.58,NA
2022-04-25,25,19.900000000000002,63.7,17.7,44.6,16.5,30.9,26.400000000000002,16.3,29.2,3.8699999999999997,NA
2022-04-26,27.1,21.7,69,21.099999999999998,48.199999999999996,16.7,31.6,26.5,17.599999999999998,31.4,5.96,NA
2022-04-27,25.900000000000002,19.900000000000002,71.1,20.200000000000003,47.8,16.3,31.900000000000002,27,18.4,31.900000000000002,6.74,NA
2022-04-28,21.5,16.5,64.3,16.6,45.9,16,28.7,23.5,14.499999999999998,27.3,6.890000000000001,NA
2022-04-29,23.3,17.8,64.4,18.4,44.9,18.4,29.4,26.5,15.2,24.3,10.299999999999999,NA
2022-04-30,22.5,20.200000000000003,63,20.200000000000003,45.2,20.200000000000003,29.4,24.4,17.299999999999997,24.7,8.25,NA
2022-05-01,19,21.2,57.699999999999996,20.3,43.3,18,29.599999999999998,19.900000000000002,18.099999999999998,25.4,6.12,NA
2022-05-08,26.900000000000002,24.2,55.60000000000001,19.900000000000002,46.7,22.6,33.800000000000004,32.5,21.2,32.300000000000004,8.07,NA
