county,state,fips_code,date,value
Suffolk,NY,36103,2019-01-01,602727.554844009
Suffolk,NY,36103,2019-02-01,600741.2264096905
Suffolk,NY,36103,2019-03-01,601904.3631991901
Suffolk,NY,36103,2019-04-01,603532.6762086356
Suffolk,NY,36103,2019-05-01,604907.4585353225
Suffolk,NY,36103,2019-06-01,604281.1559673173
Suffolk,NY,36103,2019-07-01,604476.3810025931
Suffolk,NY,36103,2019-08-01,603547.2289248037
Suffolk,NY,36103,2019-09-01,604051.1424654003
Suffolk,NY,36103,2019-10-01,603462.9980412169
Suffolk,NY,36103,2019-11-01,601933.4023215538
Suffolk,NY,36103,2019-12-01,600919.6769019642
Suffolk,NY,36103,2020-01-01,597296.8151407703
Suffolk,NY,36103,2020-02-01,599497.8087813234
Suffolk,NY,36103,2020-03-01,603972.6394893165
Suffolk,NY,36103,2020-04-01,609957.2837222894
Suffolk,NY,36103,2020-05-01,608712.0180083094
Suffolk,NY,36103,2020-06-01,610178.6527823528
Suffolk,NY,36103,2020-07-01,609620.0400953374
Suffolk,NY,36103,2020-08-01,614298.4944863446
Suffolk,NY,36103,2020-09-01,619371.2744007227
Suffolk,NY,36103,2020-10-01,630567.8629034813
Suffolk,NY,36103,2020-11-01,644799.5107292501
Suffolk,NY,36103,2020-12-01,653951.2735431687
Suffolk,NY,36103,2021-01-01,660829.2462236232
Suffolk,NY,36103,2021-02-01,665715.2898762192
Suffolk,NY,36103,2021-03-01,671472.5302750443
Suffolk,NY,36103,2021-04-01,675401.1118887159
Suffolk,NY,36103,2021-05-01,682470.5093215941
Suffolk,NY,36103,2021-06-01,684916.736449883
Suffolk,NY,36103,2021-07-01,697569.4476704377
Suffolk,NY,36103,2021-08-01,706818.0182017984
Suffolk,NY,36103,2021-09-01,713420.9239698398
Suffolk,NY,36103,2021-10-01,716771.0502711893
Suffolk,NY,36103,2021-11-01,718607.1624525194
Suffolk,NY,36103,2021-12-01,724122.555363549
Suffolk,NY,36103,2022-01-01,722879.7990165376
Suffolk,NY,36103,2022-02-01,730520.5475392743
Suffolk,NY,36103,2022-03-01,730584.6054933383
Suffolk,NY,36103,2022-04-01,732462.9661740004
Suffolk,NY,36103,2022-05-01,737378.9295990532
Suffolk,NY,36103,2022-06-01,733078.7693956103
Suffolk,NY,36103,2022-07-01,739524.6011803658
Suffolk,NY,36103,2022-08-01,737861.4969484169
Suffolk,NY,36103,2022-09-01,739142.9537020518
Suffolk,NY,36103,2022-10-01,739403
Nassau,NY,36059,2019-01-01,651378.7474195331
Nassau,NY,36059,2019-02-01,652423.7485343863
Nassau,NY,36059,2019-03-01,652295.9599233468
Nassau,NY,36059,2019-04-01,651918.165837061
Nassau,NY,36059,2019-05-01,650136.191722888
Nassau,NY,36059,2019-06-01,647689.4792146399
Nassau,NY,36059,2019-07-01,645924.0769178349
Nassau,NY,36059,2019-08-01,644080.8433657329
Nassau,NY,36059,2019-09-01,643158.5625586207
Nassau,NY,36059,2019-10-01,642613.559277363
Nassau,NY,36059,2019-11-01,642389.2297651251
Nassau,NY,36059,2019-12-01,643122.5887583271
Nassau,NY,36059,2020-01-01,639774.0195234382
Nassau,NY,36059,2020-02-01,639742.1321480518
Nassau,NY,36059,2020-03-01,641364.3415763809
Nassau,NY,36059,2020-04-01,644865.4324912784
Nassau,NY,36059,2020-05-01,642321.8430157539
Nassau,NY,36059,2020-06-01,641908.2722813132
Nassau,NY,36059,2020-07-01,641314.9535159224
Nassau,NY,36059,2020-08-01,643092.3156858734
Nassau,NY,36059,2020-09-01,647711.8579516503
Nassau,NY,36059,2020-10-01,656657.8693303206
Nassau,NY,36059,2020-11-01,667753.6822560547
Nassau,NY,36059,2020-12-01,672637.9960752594
Nassau,NY,36059,2021-01-01,674894.5024638824
Nassau,NY,36059,2021-02-01,678438.0818573415
Nassau,NY,36059,2021-03-01,680522.7827299892
Nassau,NY,36059,2021-04-01,680496.8766705932
Nassau,NY,36059,2021-05-01,680907.4125728975
Nassau,NY,36059,2021-06-01,681488.5320275495
Nassau,NY,36059,2021-07-01,692087.9972270766
Nassau,NY,36059,2021-08-01,702647.1927927684
Nassau,NY,36059,2021-09-01,706380.7433736735
Nassau,NY,36059,2021-10-01,707950.7305715212
Nassau,NY,36059,2021-11-01,707339.2192208142
Nassau,NY,36059,2021-12-01,710754.468017449
Nassau,NY,36059,2022-01-01,706319.0484535121
Nassau,NY,36059,2022-02-01,707445.5115407221
Nassau,NY,36059,2022-03-01,705100.4980067143
Nassau,NY,36059,2022-04-01,707653.4467559727
Nassau,NY,36059,2022-05-01,714322.2109215084
Nassau,NY,36059,2022-06-01,710118.0589497719
Nassau,NY,36059,2022-07-01,714023.822209427
Nassau,NY,36059,2022-08-01,713661.0429711442
Nassau,NY,36059,2022-09-01,712006.414942016
Nassau,NY,36059,2022-10-01,710160
Westchester,NY,36119,2019-01-01,711969.6749629285
Westchester,NY,36119,2019-02-01,708056.2512915893
Westchester,NY,36119,2019-03-01,707273.570423401
Westchester,NY,36119,2019-04-01,707244.3548862643
Westchester,NY,36119,2019-05-01,709207.1103111471
Westchester,NY,36119,2019-06-01,708462.9356963006
Westchester,NY,36119,2019-07-01,706679.6076781545
Westchester,NY,36119,2019-08-01,704361.5456146129
Westchester,NY,36119,2019-09-01,704797.7891872928
Westchester,NY,36119,2019-10-01,703832.1103077832
Westchester,NY,36119,2019-11-01,701227.2187942805
Westchester,NY,36119,2019-12-01,700657.3080309919
Westchester,NY,36119,2020-01-01,697785.3303737325
Westchester,NY,36119,2020-02-01,701411.234884651
Westchester,NY,36119,2020-03-01,706869.4935153826
Westchester,NY,36119,2020-04-01,710306.4499274829
Westchester,NY,36119,2020-05-01,705269.2276278662
Westchester,NY,36119,2020-06-01,701896.0577686632
Westchester,NY,36119,2020-07-01,700305.9723507178
Westchester,NY,36119,2020-08-01,703147.176175929
Westchester,NY,36119,2020-09-01,706445.5218080416
Westchester,NY,36119,2020-10-01,715308.9383959653
Westchester,NY,36119,2020-11-01,726405.7126488311
Westchester,NY,36119,2020-12-01,730501.1715069456
Westchester,NY,36119,2021-01-01,733810.9280238159
Westchester,NY,36119,2021-02-01,736120.2251652856
Westchester,NY,36119,2021-03-01,737677.03500405245
Westchester,NY,36119,2021-04-01,737382.029271865
Westchester,NY,36119,2021-05-01,740816.0391008657
Westchester,NY,36119,2021-06-01,746767.7481556596
Westchester,NY,36119,2021-07-01,761037.1267539423
Westchester,NY,36119,2021-08-01,770780.299455307
Westchester,NY,36119,2021-09-01,768788.1466184753
Westchester,NY,36119,2021-10-01,767181.2077565505
Westchester,NY,36119,2021-11-01,765633.7079767387
Westchester,NY,36119,2021-12-01,770301.4880635979
Westchester,NY,36119,2022-01-01,763709.8928385816
Westchester,NY,36119,2022-02-01,766747.3207062238
Westchester,NY,36119,2022-03-01,768510.3656827004
Westchester,NY,36119,2022-04-01,773709.3539237316
Westchester,NY,36119,2022-05-01,777197.3328418105
Westchester,NY,36119,2022-06-01,769461.461543613
Westchester,NY,36119,2022-07-01,775675.7587191914
Westchester,NY,36119,2022-08-01,778214.3166177223
Westchester,NY,36119,2022-09-01,780004.4902000765
Westchester,NY,36119,2022-10-01,776735
Fairfield,CT,09001,2019-01-01,471174.54732794466
Fairfield,CT,09001,2019-02-01,469548.5344151867
Fairfield,CT,09001,2019-03-01,467284.6849622157
Fairfield,CT,09001,2019-04-01,466837.3799114047
Fairfield,CT,09001,2019-05-01,466617.86550771765
Fairfield,CT,09001,2019-06-01,462964.23837705614
Fairfield,CT,09001,2019-07-01,460275.28771201184
Fairfield,CT,09001,2019-08-01,457294.5864551871
Fairfield,CT,09001,2019-09-01,457546.5748949301
Fairfield,CT,09001,2019-10-01,459869.66704982903
Fairfield,CT,09001,2019-11-01,460321.1346773154
Fairfield,CT,09001,2019-12-01,460181.14402321534
Fairfield,CT,09001,2020-01-01,456338.4805971208
Fairfield,CT,09001,2020-02-01,454731.48674520577
Fairfield,CT,09001,2020-03-01,455199.54922244884
Fairfield,CT,09001,2020-04-01,457072.27213735157
Fairfield,CT,09001,2020-05-01,453725.951739149
Fairfield,CT,09001,2020-06-01,454976.4015400254
Fairfield,CT,09001,2020-07-01,456453.0798310439
Fairfield,CT,09001,2020-08-01,463865.83152131736
Fairfield,CT,09001,2020-09-01,470655.8435148709
Fairfield,CT,09001,2020-10-01,480686.96049218473
Fairfield,CT,09001,2020-11-01,490540.4210511453
Fairfield,CT,09001,2020-12-01,495275.5294109372
Fairfield,CT,09001,2021-01-01,498815.6814079328
Fairfield,CT,09001,2021-02-01,502271.02921731124
Fairfield,CT,09001,2021-03-01,506573.58467516117
Fairfield,CT,09001,2021-04-01,508004.20727271476
Fairfield,CT,09001,2021-05-01,514702.8059699441
Fairfield,CT,09001,2021-06-01,521350.2042658028
Fairfield,CT,09001,2021-07-01,533663.478445119
Fairfield,CT,09001,2021-08-01,540016.0156705577
Fairfield,CT,09001,2021-09-01,539763.1359310701
Fairfield,CT,09001,2021-10-01,540815.2676340431
Fairfield,CT,09001,2021-11-01,543959.3255302699
Fairfield,CT,09001,2021-12-01,549216.0888147812
Fairfield,CT,09001,2022-01-01,546563.4129475887
Fairfield,CT,09001,2022-02-01,550049.4875062676
Fairfield,CT,09001,2022-03-01,548652.8727182124
Fairfield,CT,09001,2022-04-01,552434.6269522811
Fairfield,CT,09001,2022-05-01,556721.7169798509
Fairfield,CT,09001,2022-06-01,556807.7533905846
Fairfield,CT,09001,2022-07-01,563508.7950354271
Fairfield,CT,09001,2022-08-01,565173.2622510216
Fairfield,CT,09001,2022-09-01,564919.1042691474
Fairfield,CT,09001,2022-10-01,562498
Bergen,NJ,34003,2019-01-01,566342.8376631873
Bergen,NJ,34003,2019-02-01,562350.2865460822
Bergen,NJ,34003,2019-03-01,559649.3891817624
Bergen,NJ,34003,2019-04-01,559486.5399562431
Bergen,NJ,34003,2019-05-01,559339.5946315291
Bergen,NJ,34003,2019-06-01,557799.3777663001
Bergen,NJ,34003,2019-07-01,558655.5044635012
Bergen,NJ,34003,2019-08-01,558607.2488154373
Bergen,NJ,34003,2019-09-01,559182.2056433425
Bergen,NJ,34003,2019-10-01,559149.1688027072
Bergen,NJ,34003,2019-11-01,556770.4007829161
Bergen,NJ,34003,2019-12-01,556314.9915801814
Bergen,NJ,34003,2020-01-01,551869.2785618042
Bergen,NJ,34003,2020-02-01,554037.4526801545
Bergen,NJ,34003,2020-03-01,557273.701079883
Bergen,NJ,34003,2020-04-01,562821.6496509552
Bergen,NJ,34003,2020-05-01,562046.9344043789
Bergen,NJ,34003,2020-06-01,564031.0336163325
Bergen,NJ,34003,2020-07-01,564333.0426762191
Bergen,NJ,34003,2020-08-01,566793.7348295106
Bergen,NJ,34003,2020-09-01,568719.4546004056
Bergen,NJ,34003,2020-10-01,574479.10640185
Bergen,NJ,34003,2020-11-01,582172.9145507623
Bergen,NJ,34003,2020-12-01,587249.9327870582
Bergen,NJ,34003,2021-01-01,591876.903640662
Bergen,NJ,34003,2021-02-01,596135.4981464287
Bergen,NJ,34003,2021-03-01,599320.9042336711
Bergen,NJ,34003,2021-04-01,599199.1778108625
Bergen,NJ,34003,2021-05-01,599685.7944403779
Bergen,NJ,34003,2021-06-01,600107.9863614091
Bergen,NJ,34003,2021-07-01,606436.4523816823
Bergen,NJ,34003,2021-08-01,613432.1678512011
Bergen,NJ,34003,2021-09-01,614123.314814815
Bergen,NJ,34003,2021-10-01,616625.0619417686
Bergen,NJ,34003,2021-11-01,618182.569370399
Bergen,NJ,34003,2021-12-01,623805.2513432031
Bergen,NJ,34003,2022-01-01,621214.5514252209
Bergen,NJ,34003,2022-02-01,623454.9691018792
Bergen,NJ,34003,2022-03-01,619969.0072322178
Bergen,NJ,34003,2022-04-01,619837.6342399304
Bergen,NJ,34003,2022-05-01,621153.0632221263
Bergen,NJ,34003,2022-06-01,617440.2275653803
Bergen,NJ,34003,2022-07-01,623844.5168977818
Bergen,NJ,34003,2022-08-01,624892.2646897346
Bergen,NJ,34003,2022-09-01,624500.9167771123
Bergen,NJ,34003,2022-10-01,621684
Hartford,CT,09003,2019-01-01,255347.6435684587
Hartford,CT,09003,2019-02-01,255307.1007493937
Hartford,CT,09003,2019-03-01,254713.00156199155
Hartford,CT,09003,2019-04-01,254320.09754866807
Hartford,CT,09003,2019-05-01,253153.1666139218
Hartford,CT,09003,2019-06-01,252678.36024849178
Hartford,CT,09003,2019-07-01,252618.54311609408
Hartford,CT,09003,2019-08-01,251989.66943899685
Hartford,CT,09003,2019-09-01,252445.58171820515
Hartford,CT,09003,2019-10-01,253415.48984261698
Hartford,CT,09003,2019-11-01,254372.98864270683
Hartford,CT,09003,2019-12-01,254216.1505632273
Hartford,CT,09003,2020-01-01,252388.82604070636
Hartford,CT,09003,2020-02-01,251362.94238384586
Hartford,CT,09003,2020-03-01,253067.86911605642
Hartford,CT,09003,2020-04-01,255082.41439226296
Hartford,CT,09003,2020-05-01,255048.89585667092
Hartford,CT,09003,2020-06-01,255093.93835647975
Hartford,CT,09003,2020-07-01,255481.08440752543
Hartford,CT,09003,2020-08-01,257971.21473271295
Hartford,CT,09003,2020-09-01,259988.8138716786
Hartford,CT,09003,2020-10-01,263392.67662017245
Hartford,CT,09003,2020-11-01,267803.8459181548
Hartford,CT,09003,2020-12-01,269828.8004431159
Hartford,CT,09003,2021-01-01,271214.162164434
Hartford,CT,09003,2021-02-01,273625.065660409
Hartford,CT,09003,2021-03-01,276387.5152583997
Hartford,CT,09003,2021-04-01,278740.3966313521
Hartford,CT,09003,2021-05-01,281740.897381706
Hartford,CT,09003,2021-06-01,283314.08703108836
Hartford,CT,09003,2021-07-01,288239.2714092515
Hartford,CT,09003,2021-08-01,291257.2938518748
Hartford,CT,09003,2021-09-01,293056.8255022201
Hartford,CT,09003,2021-10-01,294023.3797997788
Hartford,CT,09003,2021-11-01,294666.6478671552
Hartford,CT,09003,2021-12-01,297117.7857814158
Hartford,CT,09003,2022-01-01,297176.1446675817
Hartford,CT,09003,2022-02-01,299183.2323850826
Hartford,CT,09003,2022-03-01,298351.3058578997
Hartford,CT,09003,2022-04-01,300095.91419873224
Hartford,CT,09003,2022-05-01,303490.17115342955
Hartford,CT,09003,2022-06-01,304094.59215725044
Hartford,CT,09003,2022-07-01,306348.20505094127
Hartford,CT,09003,2022-08-01,306177.5334716548
Hartford,CT,09003,2022-09-01,304587.7936536256
Hartford,CT,09003,2022-10-01,304579
New Haven,CT,09009,2019-01-01,258851.53478905594
New Haven,CT,09009,2019-02-01,258844.53291422402
New Haven,CT,09009,2019-03-01,258395.45128538887
New Haven,CT,09009,2019-04-01,258470.2415216209
New Haven,CT,09009,2019-05-01,258540.823259059
New Haven,CT,09009,2019-06-01,258055.21522801128
New Haven,CT,09009,2019-07-01,258399.8450596628
New Haven,CT,09009,2019-08-01,257779.70367321817
New Haven,CT,09009,2019-09-01,257865.0083912679
New Haven,CT,09009,2019-10-01,257159.33753737624
New Haven,CT,09009,2019-11-01,257126.43241444457
New Haven,CT,09009,2019-12-01,256649.37849872778
New Haven,CT,09009,2020-01-01,255947.72694844342
New Haven,CT,09009,2020-02-01,256516.68084805208
New Haven,CT,09009,2020-03-01,258868.03088217042
New Haven,CT,09009,2020-04-01,261892.8862352694
New Haven,CT,09009,2020-05-01,261490.7232675865
New Haven,CT,09009,2020-06-01,261385.53033474655
New Haven,CT,09009,2020-07-01,261524.5966420331
New Haven,CT,09009,2020-08-01,264797.3695948187
New Haven,CT,09009,2020-09-01,269357.6109519911
New Haven,CT,09009,2020-10-01,275202.99035974115
New Haven,CT,09009,2020-11-01,281468.49629532883
New Haven,CT,09009,2020-12-01,285064.271925444
New Haven,CT,09009,2021-01-01,287263.2624673847
New Haven,CT,09009,2021-02-01,290555.87034076394
New Haven,CT,09009,2021-03-01,294008.0079866148
New Haven,CT,09009,2021-04-01,297426.3152615089
New Haven,CT,09009,2021-05-01,301133.2352065871
New Haven,CT,09009,2021-06-01,305044.94539119076
New Haven,CT,09009,2021-07-01,311935.1137341469
New Haven,CT,09009,2021-08-01,315942.1636188578
New Haven,CT,09009,2021-09-01,315545.4048015487
New Haven,CT,09009,2021-10-01,315644.2428020185
New Haven,CT,09009,2021-11-01,315870.11906282563
New Haven,CT,09009,2021-12-01,319013.918710525
New Haven,CT,09009,2022-01-01,319383.51006782963
New Haven,CT,09009,2022-02-01,324446.049423711
New Haven,CT,09009,2022-03-01,325664.6135058225
New Haven,CT,09009,2022-04-01,327191.11221290467
New Haven,CT,09009,2022-05-01,328299.29396623373
New Haven,CT,09009,2022-06-01,326070.95711903163
New Haven,CT,09009,2022-07-01,328686.65012875263
New Haven,CT,09009,2022-08-01,329423.7757597038
New Haven,CT,09009,2022-09-01,330116.99046769465
New Haven,CT,09009,2022-10-01,330450
Hudson,NJ,34017,2019-01-01,547334.7704547438
Hudson,NJ,34017,2019-02-01,547866.6443480059
Hudson,NJ,34017,2019-03-01,548582.7185161081
Hudson,NJ,34017,2019-04-01,547869.9889994632
Hudson,NJ,34017,2019-05-01,548098.541824302
Hudson,NJ,34017,2019-06-01,549768.4828157617
Hudson,NJ,34017,2019-07-01,552931.6998676552
Hudson,NJ,34017,2019-08-01,552444.8614956269
Hudson,NJ,34017,2019-09-01,553832.547336918
Hudson,NJ,34017,2019-10-01,552005.9164061521
Hudson,NJ,34017,2019-11-01,552494.0146635751
Hudson,NJ,34017,2019-12-01,551834.976341596
Hudson,NJ,34017,2020-01-01,550159.4902772853
Hudson,NJ,34017,2020-02-01,550602.3686358056
Hudson,NJ,34017,2020-03-01,550931.759836865
Hudson,NJ,34017,2020-04-01,554222.3088057643
Hudson,NJ,34017,2020-05-01,552106.1728868597
Hudson,NJ,34017,2020-06-01,552287.3223817265
Hudson,NJ,34017,2020-07-01,550693.3021535553
Hudson,NJ,34017,2020-08-01,553296.665794171
Hudson,NJ,34017,2020-09-01,558292.3734023076
Hudson,NJ,34017,2020-10-01,564945.6662619096
Hudson,NJ,34017,2020-11-01,570818.4389267573
Hudson,NJ,34017,2020-12-01,573518.9945138034
Hudson,NJ,34017,2021-01-01,574589.2769389722
Hudson,NJ,34017,2021-02-01,576492.2534680286
Hudson,NJ,34017,2021-03-01,574352.6168338081
Hudson,NJ,34017,2021-04-01,570140.397266946
Hudson,NJ,34017,2021-05-01,568676.633923386
Hudson,NJ,34017,2021-06-01,570500.2801491806
Hudson,NJ,34017,2021-07-01,577465.8249651681
Hudson,NJ,34017,2021-08-01,583005.4617711201
Hudson,NJ,34017,2021-09-01,579108.5755699048
Hudson,NJ,34017,2021-10-01,578254.179632478
Hudson,NJ,34017,2021-11-01,576821.6944771253
Hudson,NJ,34017,2021-12-01,580483.118616206
Hudson,NJ,34017,2022-01-01,575387.119694567
Hudson,NJ,34017,2022-02-01,576086.7957337018
Hudson,NJ,34017,2022-03-01,575221.1033426878
Hudson,NJ,34017,2022-04-01,578429.880440963
Hudson,NJ,34017,2022-05-01,582966.1035043639
Hudson,NJ,34017,2022-06-01,581589.8036984716
Hudson,NJ,34017,2022-07-01,587973.8970874719
Hudson,NJ,34017,2022-08-01,589138.9259703781
Hudson,NJ,34017,2022-09-01,585959.7611443864
Hudson,NJ,34017,2022-10-01,587195
Monmouth,NJ,34025,2019-01-01,500719.4220771669
Monmouth,NJ,34025,2019-02-01,499691.9238352133
Monmouth,NJ,34025,2019-03-01,499601.59096069715
Monmouth,NJ,34025,2019-04-01,499714.4964298717
Monmouth,NJ,34025,2019-05-01,500844.0678251364
Monmouth,NJ,34025,2019-06-01,500035.11103937565
Monmouth,NJ,34025,2019-07-01,500556.1256881754
Monmouth,NJ,34025,2019-08-01,498646.02776386053
Monmouth,NJ,34025,2019-09-01,498517.4855551339
Monmouth,NJ,34025,2019-10-01,497402.6969758823
Monmouth,NJ,34025,2019-11-01,495298.19389697566
Monmouth,NJ,34025,2019-12-01,493999.19285530504
Monmouth,NJ,34025,2020-01-01,490558.7673711085
Monmouth,NJ,34025,2020-02-01,491863.32139558427
Monmouth,NJ,34025,2020-03-01,496844.10872595094
Monmouth,NJ,34025,2020-04-01,502911.90030040307
Monmouth,NJ,34025,2020-05-01,502228.53290415904
Monmouth,NJ,34025,2020-06-01,502544.6668508463
Monmouth,NJ,34025,2020-07-01,501183.7150382196
Monmouth,NJ,34025,2020-08-01,505643.3186208454
Monmouth,NJ,34025,2020-09-01,510577.89960323466
Monmouth,NJ,34025,2020-10-01,521190.52826788597
Monmouth,NJ,34025,2020-11-01,534279.5077923407
Monmouth,NJ,34025,2020-12-01,542150.4167469668
Monmouth,NJ,34025,2021-01-01,547342.7970790649
Monmouth,NJ,34025,2021-02-01,553242.2975139106
Monmouth,NJ,34025,2021-03-01,557886.7775539949
Monmouth,NJ,34025,2021-04-01,561194.3060592139
Monmouth,NJ,34025,2021-05-01,567261.5290575997
Monmouth,NJ,34025,2021-06-01,573263.1668957914
Monmouth,NJ,34025,2021-07-01,585815.9618195011
Monmouth,NJ,34025,2021-08-01,592994.053904541
Monmouth,NJ,34025,2021-09-01,597073.9079827269
Monmouth,NJ,34025,2021-10-01,601523.7500674601
Monmouth,NJ,34025,2021-11-01,605485.0005580019
Monmouth,NJ,34025,2021-12-01,610224.3334579691
Monmouth,NJ,34025,2022-01-01,607432.0777841447
Monmouth,NJ,34025,2022-02-01,608990.1457939706
Monmouth,NJ,34025,2022-03-01,609037.088747115
Monmouth,NJ,34025,2022-04-01,613233.8818705509
Monmouth,NJ,34025,2022-05-01,622284.4006945995
Monmouth,NJ,34025,2022-06-01,622997.4692798536
Monmouth,NJ,34025,2022-07-01,631678.4575532204
Monmouth,NJ,34025,2022-08-01,632842.0220122575
Monmouth,NJ,34025,2022-09-01,633535.0798266854
Monmouth,NJ,34025,2022-10-01,633249
Morris,NJ,34027,2019-01-01,517001.6058645655
Morris,NJ,34027,2019-02-01,515172.74810295017
Morris,NJ,34027,2019-03-01,510543.240185125
Morris,NJ,34027,2019-04-01,509205.5573257018
Morris,NJ,34027,2019-05-01,507999.7259375406
Morris,NJ,34027,2019-06-01,507644.33608797647
Morris,NJ,34027,2019-07-01,507295.71676045575
Morris,NJ,34027,2019-08-01,505665.6146341813
Morris,NJ,34027,2019-09-01,505135.35271964426
Morris,NJ,34027,2019-10-01,505557.89136810444
Morris,NJ,34027,2019-11-01,505218.689839266
Morris,NJ,34027,2019-12-01,504643.16085570527
Morris,NJ,34027,2020-01-01,498573.81792780664
Morris,NJ,34027,2020-02-01,495450.8039224708
Morris,NJ,34027,2020-03-01,497510.7427325118
Morris,NJ,34027,2020-04-01,501850.0043617238
Morris,NJ,34027,2020-05-01,501002.7916566228
Morris,NJ,34027,2020-06-01,499907.11926696484
Morris,NJ,34027,2020-07-01,499187.68248103117
Morris,NJ,34027,2020-08-01,503506.54142473143
Morris,NJ,34027,2020-09-01,507776.42932901316
Morris,NJ,34027,2020-10-01,514627.6447921837
Morris,NJ,34027,2020-11-01,521799.903830337
Morris,NJ,34027,2020-12-01,525307.6041287147
Morris,NJ,34027,2021-01-01,526838.3044777166
Morris,NJ,34027,2021-02-01,531064.3698276284
Morris,NJ,34027,2021-03-01,534758.7190875224
Morris,NJ,34027,2021-04-01,537856.7240313238
Morris,NJ,34027,2021-05-01,541906.3066074209
Morris,NJ,34027,2021-06-01,544037.323079436
Morris,NJ,34027,2021-07-01,551975.3135754021
Morris,NJ,34027,2021-08-01,557025.4972425126
Morris,NJ,34027,2021-09-01,558590.1404930151
Morris,NJ,34027,2021-10-01,558508.9201341106
Morris,NJ,34027,2021-11-01,558448.9453292547
Morris,NJ,34027,2021-12-01,561423.6673504792
Morris,NJ,34027,2022-01-01,559606.5486667289
Morris,NJ,34027,2022-02-01,560208.6825745224
Morris,NJ,34027,2022-03-01,556762.1550107533
Morris,NJ,34027,2022-04-01,557033.5593555159
Morris,NJ,34027,2022-05-01,560758.142050103
Morris,NJ,34027,2022-06-01,559264.6075468209
Morris,NJ,34027,2022-07-01,565424.2945795947
Morris,NJ,34027,2022-08-01,567054.5944458633
Morris,NJ,34027,2022-09-01,566897.9875621257
Morris,NJ,34027,2022-10-01,566510
Litchfield,CT,09005,2019-01-01,273713.65441368887
Litchfield,CT,09005,2019-02-01,272237.5428372544
Litchfield,CT,09005,2019-03-01,272693.35792746866
Litchfield,CT,09005,2019-04-01,273721.4258022427
Litchfield,CT,09005,2019-05-01,275197.79360444215
Litchfield,CT,09005,2019-06-01,274723.5784104849
Litchfield,CT,09005,2019-07-01,274643.409490813
Litchfield,CT,09005,2019-08-01,274354.4781840045
Litchfield,CT,09005,2019-09-01,274935.7522929211
Litchfield,CT,09005,2019-10-01,275427.19810209307
Litchfield,CT,09005,2019-11-01,275285.8889890792
Litchfield,CT,09005,2019-12-01,275414.2166495126
Litchfield,CT,09005,2020-01-01,272709.002191334
Litchfield,CT,09005,2020-02-01,271885.567233002
Litchfield,CT,09005,2020-03-01,272768.1302597748
Litchfield,CT,09005,2020-04-01,275709.85501544777
Litchfield,CT,09005,2020-05-01,276223.0187527474
Litchfield,CT,09005,2020-06-01,277912.2320380543
Litchfield,CT,09005,2020-07-01,279311.56305531267
Litchfield,CT,09005,2020-08-01,283318.69263928774
Litchfield,CT,09005,2020-09-01,287443.44349519076
Litchfield,CT,09005,2020-10-01,293484.3603112759
Litchfield,CT,09005,2020-11-01,300157.38840273785
Litchfield,CT,09005,2020-12-01,303916.8136943907
Litchfield,CT,09005,2021-01-01,308471.2380632169
Litchfield,CT,09005,2021-02-01,314155.85394835135
Litchfield,CT,09005,2021-03-01,320865.7283020443
Litchfield,CT,09005,2021-04-01,325443.79207096546
Litchfield,CT,09005,2021-05-01,328834.72312889405
Litchfield,CT,09005,2021-06-01,330753.80445227853
Litchfield,CT,09005,2021-07-01,336682.48650158575
Litchfield,CT,09005,2021-08-01,341387.4069411793
Litchfield,CT,09005,2021-09-01,343442.3065775937
Litchfield,CT,09005,2021-10-01,343910.8281119297
Litchfield,CT,09005,2021-11-01,345404.0914249218
Litchfield,CT,09005,2021-12-01,348316.76617317635
Litchfield,CT,09005,2022-01-01,346057.2724044189
Litchfield,CT,09005,2022-02-01,347340.50998336385
Litchfield,CT,09005,2022-03-01,345590.0135727025
Litchfield,CT,09005,2022-04-01,347466.0413865704
Litchfield,CT,09005,2022-05-01,349892.2876120074
Litchfield,CT,09005,2022-06-01,347831.808558336
Litchfield,CT,09005,2022-07-01,351012.0235561314
Litchfield,CT,09005,2022-08-01,351189.0333439735
Litchfield,CT,09005,2022-09-01,352744.9601057729
Litchfield,CT,09005,2022-10-01,354291
NYC,NY,3651000,2019-01-01,791528.6839981973
NYC,NY,3651000,2019-02-01,790967.0969281027
NYC,NY,3651000,2019-03-01,790301.4461004448
NYC,NY,3651000,2019-04-01,787937.0668430408
NYC,NY,3651000,2019-05-01,786556.0440683576
NYC,NY,3651000,2019-06-01,783372.4810295479
NYC,NY,3651000,2019-07-01,783131.914366771
NYC,NY,3651000,2019-08-01,779077.3982993831
NYC,NY,3651000,2019-09-01,776249.5989947661
NYC,NY,3651000,2019-10-01,773671.8668385526
NYC,NY,3651000,2019-11-01,771521.0186139379
NYC,NY,3651000,2019-12-01,770950.1850430284
NYC,NY,3651000,2020-01-01,766510.1255726545
NYC,NY,3651000,2020-02-01,766804.6450631156
NYC,NY,3651000,2020-03-01,768840.81635606
NYC,NY,3651000,2020-04-01,773065.8440755035
NYC,NY,3651000,2020-05-01,768372.6156714832
NYC,NY,3651000,2020-06-01,768678.6735238176
NYC,NY,3651000,2020-07-01,765843.6676515386
NYC,NY,3651000,2020-08-01,768135.3639859179
NYC,NY,3651000,2020-09-01,766523.5820854611
NYC,NY,3651000,2020-10-01,769894.1617479878
NYC,NY,3651000,2020-11-01,775110.2326371117
NYC,NY,3651000,2020-12-01,775505.6178512396
NYC,NY,3651000,2021-01-01,774577.712508537
NYC,NY,3651000,2021-02-01,773159.5150415048
NYC,NY,3651000,2021-03-01,771612.4748000738
NYC,NY,3651000,2021-04-01,767951.1888508531
NYC,NY,3651000,2021-05-01,767315.2280036153
NYC,NY,3651000,2021-06-01,763856.3577816192
NYC,NY,3651000,2021-07-01,769660.3188657586
NYC,NY,3651000,2021-08-01,774007.8766564488
NYC,NY,3651000,2021-09-01,776209.1650286984
NYC,NY,3651000,2021-10-01,778945.8750708331
NYC,NY,3651000,2021-11-01,780193.065608928
NYC,NY,3651000,2021-12-01,784812.0836272379
NYC,NY,3651000,2022-01-01,780477.9931304221
NYC,NY,3651000,2022-02-01,783024.1611351117
NYC,NY,3651000,2022-03-01,779421.6734617604
NYC,NY,3651000,2022-04-01,778142.8350612937
NYC,NY,3651000,2022-05-01,781042.6604773593
NYC,NY,3651000,2022-06-01,775375.553555769
NYC,NY,3651000,2022-07-01,781558.0014138798
NYC,NY,3651000,2022-08-01,782173.6429328398
NYC,NY,3651000,2022-09-01,782341.8958710335
NYC,NY,3651000,2022-10-01,783175
