date,subways_total_estimated,subways_of_comparable_pre,buses_total_estimated,buses_of_comparable_pre,lirr_total_estimated_ridership,lirr_of_2019_monthly_weekday,metro_north_total_estimated,metro_north_of_2019_monthly,access_a_ride_total_scheduled,access_a_ride_of_comprable,bridges_and_tunnels_total,bridges_and_tunnels_of
2020-03-01,2214601,98.7,984900,101,NA,NA,NA,NA,19922,118.8,786961,107.80000000000001
2020-03-02,5347055,123.9,2209100,140,NA,NA,NA,NA,30338,128.2,874620,127.49999999999999
2020-03-03,5498556,96.1,2228600,97,NA,NA,NA,NA,32767,106.89999999999999,882175,98.3
2020-03-04,5515945,96.8,2177200,97,NA,NA,NA,NA,34297,108.7,905558,99.9
2020-03-05,5513656,95.6,2244500,99,NA,NA,NA,NA,33209,107.1,929298,99.1
2020-03-06,5204732,91.60000000000001,2066700,93,NA,NA,NA,NA,30970,106.69999999999999,945408,96
2020-03-07,2817082,90.4,1249100,91,NA,NA,NA,NA,18117,103.69999999999999,827908,92.4
2020-03-08,2122328,100.4,957200,107,NA,NA,NA,NA,19477,113.39999999999999,765084,99.4
2020-03-09,4989635,89.60000000000001,2124800,93,NA,NA,NA,NA,29609,102.69999999999999,860073,95.3
2020-03-10,4883623,84.89999999999999,2112000,91,NA,NA,NA,NA,31315,102.1,855585,94.19999999999999
2020-03-11,4712462,81.5,2113000,90,NA,NA,NA,NA,32198,100.6,866706,93.30000000000001
2020-03-12,4163674,71.6,1938400,82,NA,NA,NA,NA,30814,98.5,881188,91.3
2020-03-13,3496765,62,1715700,77,NA,NA,NA,NA,26640,91.8,860419,86.2
2020-03-14,1672800,52.5,993300,73,NA,NA,NA,NA,13394,79.10000000000001,631101,69.8
2020-03-15,1159079,47.599999999999994,711600,69,NA,NA,NA,NA,12480,68.30000000000001,535988,63.6
2020-03-16,2184296,40.5,1237300,55.00000000000001,NA,NA,NA,NA,21145,75.6,708870,79.4
2020-03-17,1793359,31.8,1094900,47,NA,NA,NA,NA,18173,59.4,650445,71.6
2020-03-18,1629413,28.599999999999998,1059500,45,NA,NA,NA,NA,15942,50,634853,68.8
2020-03-19,1425564,25.6,933600,43,NA,NA,NA,NA,14116,48.3,569696,62
2020-03-20,1312249,23.9,868600,41,NA,NA,NA,NA,12744,45.300000000000004,563262,58.4
2020-03-21,620662,20.5,564900,43,NA,NA,NA,NA,6467,39.2,382993,43.3
2020-03-22,409364,16.900000000000002,378900,35,NA,NA,NA,NA,4824,26.1,277051,31.8
2020-03-23,711138,13.100000000000001,578200,26,NA,NA,NA,NA,9902,34.8,361514,40.699999999999996
2020-03-24,743314,13.100000000000001,657800,28.000000000000004,NA,NA,NA,NA,9133,30.099999999999998,395493,43.7
2020-03-25,691604,12.1,618000,27,NA,NA,NA,NA,9512,30.2,375767,40.6
2020-03-26,681923,11.799999999999999,646100,28.000000000000004,NA,NA,NA,NA,8795,28.799999999999997,390117,40.300000000000004
2020-03-27,658312,11.799999999999999,641800,28.999999999999996,NA,NA,NA,NA,8409,29.4,396778,40.2
2020-03-28,332993,10.2,403700,28.999999999999996,NA,NA,NA,NA,4491,26,240702,25.900000000000002
2020-03-29,264119,11.700000000000001,306800,31,NA,NA,NA,NA,3374,19.400000000000002,197154,24.2
2020-03-30,546355,9.8,563900,25,NA,NA,NA,NA,8084,28.299999999999997,344690,38.4
2020-03-31,509149,8.799999999999999,514300,22,NA,NA,NA,NA,7672,25.7,337626,37.3
2020-04-01,514201,8.7,495400,21,10500,3,13600,5,8151,25.2,342222,36.7
2020-04-02,486468,8.200000000000001,472700,20,10100,3,13700,5,7077,22.5,339734,34.8
2020-04-03,484200,8.5,483800,22,9700,3,13200,5,7794,27.3,340273,34.9
2020-04-04,282703,8.6,383400,27,3700,3,8100,5,4375,24.5,243323,26
2020-04-05,227603,9.1,299600,30,3000,3,5600,5,2763,14.399999999999999,209152,23.400000000000002
2020-04-06,446273,8,454900,20,10100,3,14400,5,7093,25,335769,36.9
2020-04-07,435718,7.6,441000,19,9300,3,14100,5,7041,23.3,335470,36.7
2020-04-08,428206,7.3,431700,18,9000,3,13500,5,6950,21.7,324882,34.2
2020-04-09,405325,7.000000000000001,401900,17,8400,3,12900,4,6243,19.900000000000002,303481,31.2
2020-04-10,400947,7.000000000000001,414100,19,8200,3,13000,5,5378,18.5,314100,31.4
2020-04-11,257467,7.8,378200,27,2700,2,7600,5,4235,24,254755,26.900000000000002
2020-04-12,198693,8,279100,28.000000000000004,2200,2,5100,5,2525,13.600000000000001,217871,25.6
2020-04-13,363961,6.5,347800,16,8200,3,13000,5,6205,22.2,284609,31.3
2020-04-14,430946,7.3,470900,20,8800,3,14100,5,6585,21.9,356104,37.6
2020-04-15,419851,7.000000000000001,454100,19,8600,3,13800,5,6928,22,340213,35.099999999999994
2020-04-16,421013,7.1,447000,20,8500,3,13800,5,6563,22.2,346342,34.599999999999994
2020-04-17,433106,9.1,470300,27,8300,3,13500,5,7048,28.799999999999997,378350,39.2
2020-04-18,254792,9,352000,28.999999999999996,2400,2,7200,5,4202,28.4,254735,30.2
2020-04-19,224751,9.6,318100,32,2200,2,6000,6,2742,14.2,276406,31.4
2020-04-20,438622,8.9,498700,27,8900,3,14800,5,7050,29.5,371776,40.400000000000006
2020-04-21,422860,7.8,450900,22,8300,3,13700,5,6613,23.9,356099,38.2
2020-04-22,459574,8.5,518900,26,8700,3,14100,5,7496,25.6,398703,42.3
2020-04-23,454300,8.3,487300,25,8400,3,13800,5,6969,24.9,386938,41.099999999999994
2020-04-24,444644,8.799999999999999,475400,27,7800,3,13200,5,7040,27.700000000000003,386935,42.9
2020-04-25,295836,9.1,430800,32,2900,3,9100,6,4719,28.799999999999997,350300,38
2020-04-26,219096,9.1,293500,30,1900,2,5400,5,2506,14.299999999999999,231541,27.6
2020-04-27,463700,8.3,518400,23,8800,3,15000,5,6922,25.4,384124,42.4
2020-04-28,490073,8.5,555600,24,9200,3,15400,5,7542,25.5,436347,47
2020-04-29,478589,8.200000000000001,519600,22,9100,3,14800,5,7844,25.5,410502,43.1
2020-04-30,466633,7.9,488800,21,9300,3,14400,5,7253,24.5,405169,41.199999999999996
2020-05-01,495312,8.6,555300,25,6200,2,12400,4,8332,28.999999999999996,445621,44.1
2020-05-02,326354,10.100000000000001,478600,34,4000,3,10900,7.000000000000001,5493,31.2,401938,43
2020-05-03,259199,11.1,375900,45,3300,3,7600,7.000000000000001,3263,18.6,353314,44.3
2020-05-04,512763,9.1,578300,25,11200,3,15800,6,8287,29.299999999999997,447424,48.199999999999996
2020-05-05,522979,9,583400,25,13300,4,15500,5,8445,27.3,462086,49.4
2020-05-06,509646,8.7,538800,22,14500,5,14700,5,8832,27.700000000000003,444179,46.2
2020-05-07,536003,9.1,605600,26,16100,5,16200,6,8509,27.6,488836,49.5
2020-05-08,526865,9.3,573700,25,15700,5,15200,5,8656,30.4,483831,47.4
2020-05-09,317372,9.9,462400,32,7700,6,11100,7.000000000000001,5055,27.800000000000004,371426,37.4
2020-05-10,272353,13.100000000000001,386000,46,8000,8,9200,9,3962,20.200000000000003,415868,48.8
2020-05-11,521702,9.6,553300,26,18300,6,16700,6,7636,28.999999999999996,458042,50.6
2020-05-12,554286,9.6,594900,26,19000,6,16700,6,8271,27.900000000000002,488406,52.1
2020-05-13,566333,9.6,611300,26,19400,6,17200,6,9437,29.5,509243,52.1
2020-05-14,568315,9.6,616000,26,19300,6,16400,6,8855,29.4,520395,51
2020-05-15,588784,10.299999999999999,671500,30,20100,6,45300,16,9473,33.1,562991,53.400000000000006
2020-05-16,361329,10.6,530600,37,11100,9,18400,12,5947,33.7,477098,47.9
2020-05-17,287755,11,413500,37,8800,9,3300,3,3577,19.1,391606,41.3
2020-05-18,596505,10.7,624200,28.000000000000004,22100,7.000000000000001,19200,7.000000000000001,8969,32.5,505315,52.300000000000004
2020-05-19,611951,10.4,643600,28.000000000000004,21600,7.000000000000001,18700,7.000000000000001,9290,30.9,524483,54.1
2020-05-20,624793,10.6,654800,28.000000000000004,22200,7.000000000000001,18500,6,10224,32.7,542409,54.7
2020-05-21,630367,11.1,655300,30,22600,7.000000000000001,19200,7.000000000000001,9731,32.7,585553,57.8
2020-05-22,634929,11.700000000000001,690200,31,22800,7.000000000000001,19900,7.000000000000001,9782,35.199999999999996,626984,59.599999999999994
2020-05-23,336250,11.200000000000001,460700,35,11000,9,14000,9,5550,35,394091,43.6
2020-05-24,320376,12.6,461200,43,11900,12,14100,14.000000000000002,4117,22.3,461171,52.6
2020-05-25,394359,15.1,531600,46,19300,6,19000,7.000000000000001,5428,50.3,445015,56.49999999999999
2020-05-26,657939,12.1,709000,33,26700,8,21800,8,9875,34.9,587270,63.4
2020-05-27,675705,11.899999999999999,719200,33,26500,8,21000,7.000000000000001,11088,37.7,601140,63.4
2020-05-28,659248,11.5,710800,32,25200,8,20400,7.000000000000001,10030,35,584629,59.9
2020-05-29,658353,11.4,720800,33,25100,8,21200,7.000000000000001,10185,36.5,598608,56.99999999999999
2020-05-30,426755,13.5,622000,44,15600,13,20300,13,6143,35.4,537180,55.60000000000001
2020-05-31,344428,13.600000000000001,468300,43,13600,14.000000000000002,14700,14.000000000000002,4216,23.3,495488,55.300000000000004
2020-06-01,688520,12.4,764300,34,34300,10,24500,8,10760,37.8,595060,62.2
2020-06-02,695276,12.6,724400,34,33800,10,24600,8,11206,37.8,579412,60.9
2020-06-03,683037,11.899999999999999,741200,32,32500,10,23500,8,11962,38.7,582624,60.3
2020-06-04,728018,12.7,797700,37,29800,9,25500,9,12000,40.2,650868,64.8
2020-06-05,704825,12.4,772900,35,33500,10,25200,9,11698,40.5,643562,62.4
2020-06-06,464207,14.2,648000,46,18100,15,23600,15,6591,36.9,551793,56.99999999999999
2020-06-07,378085,14.6,531900,49,16800,17,18500,17,4650,25.900000000000002,538419,60.4
2020-06-08,806138,15.299999999999999,863400,42,42600,13,30500,10,11957,45.9,644830,73.5
2020-06-09,843968,14.7,916900,41,42300,13,29500,10,12869,43.8,680462,70.89999999999999
2020-06-10,858782,14.6,914700,39,43100,13,30800,10,13616,42.5,680270,69.39999999999999
2020-06-11,819873,14.399999999999999,830100,38,41000,12,29100,10,12514,42.4,656696,67.60000000000001
2020-06-12,898314,15.7,966300,43,45100,14.000000000000002,33700,11,13224,45.800000000000004,765492,73.5
2020-06-13,545333,17,706800,50,25400,21,32400,20,7794,43.4,631065,62.5
2020-06-14,430446,18.5,571200,55.00000000000001,20900,21,22700,21,5195,27.900000000000002,563725,60.5
2020-06-15,898925,16.5,940900,43,47500,14.000000000000002,34500,12,12953,47.5,674785,71
2020-06-16,934545,16.7,961000,46,46900,14.000000000000002,34100,12,12939,42.9,695359,74.7
2020-06-17,950318,16.6,977200,45,47200,14.000000000000002,36300,12,14595,46.800000000000004,709680,73.2
2020-06-18,944318,16.6,977700,48,47900,14.000000000000002,35800,12,13808,46.1,729487,73
2020-06-19,988680,17.8,1035300,55.00000000000001,50200,15,38800,13,13868,48.6,797519,77.7
2020-06-20,576097,17.4,768500,55.00000000000001,29000,24,36000,23,8185,47,666226,66.4
2020-06-21,449497,17.1,592400,53,27100,28.000000000000004,27600,25,6328,33.800000000000004,654914,67.60000000000001
2020-06-22,1002073,18.5,1016200,48,53900,16,38400,13,13314,49,733291,74.8
2020-06-23,1053005,19,1086200,52,52900,16,37600,13,15069,50.5,744822,77.9
2020-06-24,1070527,18.5,1099900,49,52400,16,38000,13,15155,49.3,752750,74.1
2020-06-25,1081006,19.1,1088500,52,53400,16,38200,13,14854,50.2,781618,74.8
2020-06-26,1104497,20.200000000000003,1130100,56.99999999999999,55600,17,41500,14.000000000000002,15048,54,830887,79.5
2020-06-27,616084,19.3,753900,56.99999999999999,26800,22,34800,22,8541,53.1,630731,65.2
2020-06-28,536488,17.7,641800,57.99999999999999,25700,26,26200,24,5748,33.7,623131,66.8
2020-06-29,1103086,21.2,1087500,53,63300,19,42600,14.000000000000002,14705,55.2,767165,80.10000000000001
2020-06-30,1115510,20.9,1082000,52,58000,17,40900,14.000000000000002,15291,51.800000000000004,758785,80.10000000000001
2020-07-01,1122842,21.5,1102200,53,56500,18,40000,14.000000000000002,16451,55.00000000000001,779409,77.2
2020-07-02,1172848,22.400000000000002,1178500,56.99999999999999,64300,20,45500,16,15981,53.400000000000006,881471,114.6
2020-07-03,853015,31.3,968200,87,56200,18,42900,15,10915,83.8,713240,83.39999999999999
2020-07-04,592295,22.8,754900,59,38400,30,41800,27,8391,57.9,569212,71.7
2020-07-05,534220,23.1,658700,60,34600,33,30600,28.999999999999996,6280,34.699999999999996,659099,75.2
2020-07-06,1087178,21.2,1030200,50,63900,20,44300,16,14886,55.00000000000001,750584,81.2
2020-07-07,1159588,21.2,1118800,52,61800,20,44100,16,16003,53.7,749833,79
2020-07-08,1174733,21.099999999999998,1114900,51,63000,20,43400,15,16980,56.49999999999999,758208,79.10000000000001
2020-07-09,1213851,22.1,1195700,56.99999999999999,65500,21,45500,16,17017,57.4,818034,84.3
2020-07-10,1032749,19.1,926800,45,55900,18,39700,14.000000000000002,15738,56.599999999999994,712635,70
2020-07-11,693789,22.900000000000002,852600,59,30100,24,35300,23,8453,49.3,625288,62.9
2020-07-12,628918,25.8,727700,64,34900,33,31800,30,7395,41.099999999999994,703590,74.1
2020-07-13,1178204,22.2,1144100,55.00000000000001,66400,21,46200,16,15928,59,756123,79.60000000000001
2020-07-14,1243749,22.400000000000002,1211300,56.00000000000001,66300,21,46200,16,17081,56.89999999999999,794838,83.1
2020-07-15,1251164,22.8,1229000,57.99999999999999,66500,21,46900,17,18149,59.5,803399,84.8
2020-07-16,1251884,23.1,1211800,59,66700,21,47400,17,17230,59.5,819850,83.8
2020-07-17,1209692,23.200000000000003,1176200,56.99999999999999,64800,20,47400,17,16401,60.8,819471,79.7
2020-07-18,779722,29.5,913700,72,41200,32,45500,28.999999999999996,9785,65.2,747445,80.80000000000001
2020-07-19,585498,26.900000000000002,692800,67,36400,35,29900,28.000000000000004,7052,45.6,696110,79.7
2020-07-20,1159163,22.900000000000002,1130400,56.99999999999999,67700,21,46800,17,15957,60.6,770607,84.39999999999999
2020-07-21,1244544,23.599999999999998,1204300,59,67600,21,48000,17,16831,57.9,792955,86.7
2020-07-22,1236384,22.1,1189100,54,65300,21,46700,17,17582,57.9,784013,80.10000000000001
2020-07-23,1236427,22.2,1180200,55.00000000000001,65600,21,47000,17,17056,58.099999999999994,791577,78.10000000000001
2020-07-24,1220649,23,1134300,56.00000000000001,65900,21,49000,17,17311,62.7,826030,79.60000000000001
2020-07-25,817403,26.8,967300,69,43300,34,47600,31,10350,61.3,769898,78.2
2020-07-26,607452,24.9,721100,64,36200,35,32300,30,7429,41,697533,73.3
2020-07-27,1206129,23.400000000000002,1185000,56.99999999999999,70100,22,45700,16,16607,62.9,793225,84.1
2020-07-28,1244405,23,1210600,56.99999999999999,66700,21,45800,16,16892,58.3,782226,82.5
2020-07-29,1298880,24.2,1273100,62,70000,22,48500,17,18216,61.8,816959,86.5
2020-07-30,1272918,23.3,1224100,56.99999999999999,69000,22,48600,17,17333,59.9,820275,81.2
2020-07-31,1260968,24.099999999999998,1220700,60,67600,21,50900,18,17654,64.5,859774,84.3
2020-08-01,843372,28.000000000000004,969300,69,44400,33,48700,32,10685,64.1,799745,85.2
2020-08-02,590675,24.099999999999998,707000,62,30500,28.999999999999996,28100,27,7431,40.2,648735,70.1
2020-08-03,1275951,24.8,1268300,62,70800,23,45900,17,17594,65.60000000000001,818732,87
2020-08-04,1028686,19.2,968100,46,36800,12,31100,11,14924,51.2,577415,61.8
2020-08-05,1351026,25.7,1305000,66,58000,19,36900,14.000000000000002,18299,62.3,847330,92.5
2020-08-06,1337819,24.6,1241800,59,66700,21,38800,14.000000000000002,19117,65.8,847497,84.7
2020-08-07,1286635,24.9,1256300,62,66000,21,42400,16,17502,63.9,844097,82.5
2020-08-08,834093,27.6,962000,70,41700,31,43600,28.999999999999996,10613,62.4,730739,74.7
2020-08-09,663642,26.8,766700,70,37600,36,32200,31,8287,46.5,744618,81.39999999999999
2020-08-10,1278263,25.4,1243700,63,73500,24,46800,17,18178,69.39999999999999,826001,87.3
2020-08-11,1322978,25.7,1256400,64,72400,23,46700,17,18546,65.8,821976,90.7
2020-08-12,1302087,24.8,1227500,61,68300,22,46800,17,19346,64.5,800865,84.6
2020-08-13,1294248,24.3,1198800,57.99999999999999,69200,22,46500,17,18608,64.60000000000001,819019,82.1
2020-08-14,1358798,27.1,1321800,67,72900,23,50700,19,18113,66.9,893657,88.6
2020-08-15,861763,30.099999999999998,1001000,72,46800,35,51400,34,11487,69.19999999999999,804346,84.89999999999999
2020-08-16,554980,24.4,622000,56.99999999999999,29900,28.999999999999996,28500,27,7902,44.1,620686,68.10000000000001
2020-08-17,1307543,27.1,1275000,66,74500,24,49400,18,17377,66.9,806108,85.7
2020-08-18,1372568,26.900000000000002,1307400,65,74200,24,47900,18,19274,68.10000000000001,838008,88
2020-08-19,1294931,25.5,1212800,61,70100,22,47700,17,19915,68.30000000000001,816805,85.8
2020-08-20,1413449,27.700000000000003,1352700,68,75600,24,50900,19,19344,68.30000000000001,889782,89.3
2020-08-21,1390232,28.499999999999996,1335800,70,76100,24,53000,19,19035,70.3,909773,89.9
2020-08-22,883393,30.4,998700,73,49100,37,51600,34,11456,69.3,812308,82.5
2020-08-23,672193,28.799999999999997,783200,71,37900,36,35300,34,8297,46.800000000000004,737097,79.4
2020-08-24,1310101,26.900000000000002,1270700,66,75100,24,50100,18,17643,69.5,815665,88.1
2020-08-25,1349335,25.900000000000002,1273400,62,73300,23,49700,18,18682,66.3,821597,87.3
2020-08-26,1410651,27.1,1361400,67,76600,24,50800,19,20659,71.2,859625,91
2020-08-27,1361128,25.8,1274100,61,73100,23,48800,18,19271,68.89999999999999,847285,83
2020-08-28,1391299,28.299999999999997,1333400,67,76100,24,53100,19,18845,70.5,899892,87
2020-08-29,774465,26.6,892800,67,37600,28.000000000000004,41300,27,9814,60,645956,68.60000000000001
2020-08-30,748886,30,822300,76,45100,43,41600,40,9752,52.1,805096,89.8
2020-08-31,1400448,26.400000000000002,987400,46,78100,25,52700,19,18185,63.5,817544,110.3
2020-09-01,1472491,27.700000000000003,996600,47,76500,23,53100,18,18929,66.10000000000001,809685,85.1
2020-09-02,1491161,27.1,994000,46,77600,24,53000,18,19990,65.60000000000001,810144,86.4
2020-09-03,1532512,26.6,1030700,45,82600,25,58000,20,19992,66,869126,90.9
2020-09-04,1571533,27.900000000000002,1034500,48,88300,27,64200,22,20223,70.39999999999999,936602,96.39999999999999
2020-09-05,1013746,31.5,740100,52,50500,43,64700,42,12118,71.5,798823,85.5
2020-09-06,819600,32.6,580400,53,44700,45,45400,43,10160,53.7,753036,83.8
2020-09-07,872174,39.1,650300,69,80000,24,40300,14.000000000000002,9261,97,697865,76
2020-09-08,1559312,26.400000000000002,1032900,43,90600,28.000000000000004,63300,22,19806,63.800000000000004,833996,89.9
2020-09-09,1613662,27.1,1081700,44,86100,26,61500,21,21801,69.1,825412,88.1
2020-09-10,1547065,26,989000,41,82100,25,57100,20,20181,64.9,801431,82.5
2020-09-11,1693776,28.799999999999997,1072600,46,88600,27,65100,23,20809,70.6,895766,88.1
2020-09-12,1083727,34.599999999999994,759700,55.00000000000001,44500,38,60500,40,12349,73.1,800190,85.2
2020-09-13,796744,31.1,577400,52,36700,37,38100,36,9315,50.4,703809,76.5
2020-09-14,1607896,28.299999999999997,1044500,44,89500,27,60900,21,19888,70.39999999999999,799573,86.1
2020-09-15,1681774,28.199999999999996,1087600,45,87000,27,60800,21,20763,67.60000000000001,815700,87.6
2020-09-16,1690405,28.199999999999996,1075300,44,87000,27,60700,21,22070,68.7,816708,86.4
2020-09-17,1695985,28.1,1060400,44,86900,27,61500,21,21005,67.80000000000001,848024,86.5
2020-09-18,1728810,28.9,1074200,46,90700,28.000000000000004,65700,23,20702,71.7,894931,88.2
2020-09-19,1137948,34.2,761600,53,46800,40,64600,42,12246,69.3,802614,82.5
2020-09-20,828365,31.7,585500,52,39000,39,41800,40,9269,49.5,705596,75.5
2020-09-21,1627636,28.299999999999997,1021200,44,89700,27,61800,21,19488,69.5,788505,85.39999999999999
2020-09-22,1702325,28.299999999999997,1061900,45,87400,27,61000,21,21103,70.19999999999999,808351,87.6
2020-09-23,1739043,28.7,1093600,45,89000,27,62300,22,22501,70.8,834469,88
2020-09-24,1726180,28.499999999999996,1070500,45,89100,27,62400,22,21554,70.39999999999999,857578,88.1
2020-09-25,1765299,30,1077600,47,92500,28.000000000000004,67900,24,21233,74.1,912599,89.3
2020-09-26,1120175,34.9,756300,54,47200,40,66800,44,12128,71.2,824515,84.89999999999999
2020-09-27,846184,33.300000000000004,586900,54,40000,40,45200,43,9491,50.7,731091,79.60000000000001
2020-09-28,1492611,31.3,955300,50,89700,27,63800,22,17678,74.1,753159,86.7
2020-09-29,1664896,32.1,1023100,50,88400,27,59700,21,20517,73.6,790861,90.5
2020-09-30,1744524,29.299999999999997,1077000,45,89200,27,61500,21,21424,69,822683,88.9
2020-10-01,1813961,30.099999999999998,1150563,49.8,86100,27,62100,21,22309,70.6,870606,92.9
2020-10-02,1794201,29.9,1109459,47.5,87300,28.000000000000004,67100,23,21626,72.39999999999999,891268,88.7
2020-10-03,1168073,35,773305,54.900000000000006,45000,40,68900,45,12759,72,810626,86.6
2020-10-04,853591,33.900000000000006,566754,52.7,35000,38,43900,42,10010,52,706562,81.2
2020-10-05,1682379,29.4,1092193,46.5,88700,28.000000000000004,62900,22,19971,68.5,783540,86.7
2020-10-06,1762320,30.8,1133242,49.1,87700,28.000000000000004,65100,22,21475,70.6,802900,91.4
2020-10-07,1774408,36.3,1124542,61.3,87100,28.000000000000004,64300,22,23027,82.3,814866,100
2020-10-08,1801918,29.799999999999997,1128062,47.5,88000,28.000000000000004,65600,23,21964,69.8,845788,87
2020-10-09,1811779,30.9,1114870,48.9,78700,25,72400,25,21274,71.3,896404,86.9
2020-10-10,1171657,35.9,770914,55.900000000000006,44500,39,77300,51,12627,72.2,823775,87.6
2020-10-11,849518,31.900000000000002,564046,52.300000000000004,34600,38,45700,43,9470,51.2,692669,77.4
2020-10-12,1286892,30.2,770512,47.099999999999994,76800,24,59300,20,15722,82.6,685982,80.4
2020-10-13,1718853,29.2,1067179,45.4,76600,24,62700,22,20909,69,765671,83.7
2020-10-14,1842638,31.5,1161893,52.900000000000006,89200,28.000000000000004,66700,23,23169,74.5,824529,90.7
2020-10-15,1857822,30.5,1154164,49.8,90300,28.999999999999996,67700,23,22834,72.8,866245,89.3
2020-10-16,1674686,27.900000000000002,986166,43.2,83800,27,64900,22,20776,69,820106,79.7
2020-10-17,1211061,36,780003,56.39999999999999,43800,39,70500,46,11831,67,794520,83.3
2020-10-18,897886,36.9,585376,59.8,34700,38,48700,46,9998,53.7,752262,90.2
2020-10-19,1722723,30.4,1104658,48.199999999999996,89200,28.000000000000004,66000,23,20812,75.7,782239,89.5
2020-10-20,1784090,30.7,1127897,49.8,86600,28.000000000000004,63500,22,21936,73.1,790018,90.3
2020-10-21,1816797,30,1147375,47.8,86200,27,65200,22,22959,70.1,806738,85.39999999999999
2020-10-22,1829135,29.9,1146065,48.1,88700,28.000000000000004,67000,23,22391,69.69999999999999,845064,85.8
2020-10-23,1846268,31.2,1128035,49.2,89900,28.999999999999996,71100,24,21766,72.2,881995,87.6
2020-10-24,1185612,35.5,780710,55.800000000000004,43600,38,72200,47,12916,72.39999999999999,805454,84.6
2020-10-25,885001,40.2,576930,66.2,33700,37,45000,43,10074,58.8,725809,93.4
2020-10-26,1694080,29.4,1058119,45.6,86700,28.000000000000004,64800,22,20817,72,760604,83.2
2020-10-27,1818884,30.4,1138746,49,87400,28.000000000000004,64400,22,21870,70.3,789371,86.4
2020-10-28,1823028,30.3,1109591,47,86700,28.000000000000004,64000,22,23258,72.5,801966,86.6
2020-10-29,1708611,29.599999999999998,974119,44.800000000000004,81800,26,60300,21,20925,72.1,776467,87.6
2020-10-30,1771288,29.7,1004498,44.4,84300,27,65900,23,21243,70.19999999999999,824680,83.2
2020-10-31,1174079,35,724129,52.2,41500,37,63600,42,12816,70.3,743811,80.30000000000001
2020-11-01,786678,27.3,510667,51.5,29500,31,35500,34,10180,60.199999999999996,660915,85.1
2020-11-02,1751443,30.099999999999998,1064298,46,87200,27,59400,21,21127,70.1,772129,84
2020-11-03,1606096,28.999999999999996,1017551,48.4,82100,25,58100,20,20416,67,720562,80.80000000000001
2020-11-04,1693937,28.1,1083036,45.5,81600,25,56400,20,22174,66.60000000000001,754704,80.60000000000001
2020-11-05,1797589,29.799999999999997,1125820,48.1,87000,26,59900,21,22937,71.1,818991,85.8
2020-11-06,1840860,31.4,1114000,51,89500,27,65000,23,22659,76.5,858167,87.5
2020-11-07,1246356,38.5,749502,57.3,46400,40,66300,44,13409,75.6,790712,86.5
2020-11-08,928516,36.9,584868,55.60000000000001,38500,41,44000,42,10474,54,726041,84.6
2020-11-09,1756175,30.2,1099361,50.1,91700,28.000000000000004,62400,22,21444,67.9,773217,91
2020-11-10,1840750,31.6,1146090,52.2,91500,28.000000000000004,63000,22,23138,71.7,800965,90.2
2020-11-11,1617862,33.7,968853,53.400000000000006,83300,25,21200,20,20263,91.7,713640,77.8
2020-11-12,1780212,30,1058761,46.2,86200,26,58200,20,22059,67.4,779141,81.2
2020-11-13,1820025,31,1061880,47.599999999999994,86300,26,61000,21,22054,70.39999999999999,821059,82.89999999999999
2020-11-14,1215491,37.6,755714,57.4,41400,36,58000,38,12928,74,735029,81.39999999999999
2020-11-15,821555,33.7,524515,51.9,30900,33,32900,32,9763,51.5,596389,72.7
2020-11-16,1745282,31.1,1051458,48.4,89500,27,61400,21,21851,73.5,757988,85.9
2020-11-17,1792431,30.4,1094353,47.099999999999994,87000,26,58600,20,22524,69,764725,84.1
2020-11-18,1791183,30.2,1072627,46.1,84100,26,57700,20,23390,69.8,776422,83.7
2020-11-19,1761064,29.299999999999997,1058467,45.4,84700,26,57800,20,21780,67.2,800461,83.3
2020-11-20,1803896,31.1,1073124,49,87400,27,60400,21,22945,75.4,843069,86.2
2020-11-21,1157976,36.3,750818,55.300000000000004,39200,34,51200,34,13193,77.60000000000001,742369,82.8
2020-11-22,818055,36.3,543514,58.3,31000,33,31900,31,10694,59,598349,79.2
2020-11-23,1649748,28.799999999999997,1002977,44.1,87700,27,59500,21,21297,71.2,755375,83.39999999999999
2020-11-24,1739107,29.799999999999997,1064087,46.2,89800,27,61100,21,22814,71.6,821450,82.3
2020-11-25,1691393,32,1032401,48.199999999999996,93400,28.000000000000004,67200,23,21450,77.9,853222,86.4
2020-11-26,653123,30.8,443386,54.300000000000004,72600,22,10700,10,12151,56.8,564193,62.5
2020-11-27,1265519,36.3,812188,57.3,77300,24,12300,12,12395,83,671214,83.6
2020-11-28,1034026,37.1,684962,55.900000000000006,37800,33,45600,30,10808,75.7,649087,71.89999999999999
2020-11-29,827800,40.699999999999996,545820,66.60000000000001,32600,35,34400,33,9360,62.3,631799,86.9
2020-11-30,1462166,27.700000000000003,819615,41.8,80000,24,54200,19,19751,75.3,652664,85.39999999999999
2020-12-01,1709780,29.299999999999997,1051162,47.099999999999994,73600,23,50200,18,21693,71.7,752069,83.89999999999999
2020-12-02,1703245,28.499999999999996,1018368,44.5,73600,23,50500,18,22712,67.30000000000001,746840,80.2
2020-12-03,1739370,28.7,1056963,46.300000000000004,75100,24,52000,19,22941,69.8,767310,79.5
2020-12-04,1704749,28.599999999999998,1012813,46,72100,23,51700,19,21960,70.89999999999999,775709,79.3
2020-12-05,1001236,28.4,619735,46.9,33500,26,37900,24,10151,54.800000000000004,572557,63.9
2020-12-06,879278,32.9,545433,52.7,35100,33,31900,30,9904,50.5,590525,71.5
2020-12-07,1659836,29.5,1018044,49.5,77800,25,52600,19,21424,71.7,729674,83.3
2020-12-08,1544078,26,1029646,46,75000,24,51900,19,22177,67.80000000000001,744112,81.8
2020-12-09,1705159,28.7,1017090,46,74700,24,50900,18,22459,72.3,749886,85
2020-12-10,1764682,28.999999999999996,1066582,47.699999999999996,76800,24,52800,19,22845,70,784406,80.10000000000001
2020-12-11,1789568,30.2,1053576,49.9,79700,25,55900,20,22751,74.2,821871,83.89999999999999
2020-12-12,1091372,31.6,704357,54.900000000000006,41800,33,46400,30,12307,69.19999999999999,671668,76.2
2020-12-13,911519,32.4,579527,55.00000000000001,39300,37,36800,34,10208,51.7,659446,78.4
2020-12-14,1587068,27.700000000000003,950309,43.6,75000,24,51500,18,21333,70.6,723908,79.9
2020-12-15,1786741,31.4,1076717,52.7,78400,25,54600,20,23432,74.2,819063,94.6
2020-12-16,1571978,26.5,854245,38.7,68100,22,47600,17,19296,57.49999999999999,625006,66.2
2020-12-17,1081431,18.8,525802,25.7,21400,7.000000000000001,17600,6,9940,31.2,297298,30.5
2020-12-18,1738727,30.7,938457,45.2,74900,24,54400,19,17537,56.2,736356,74.2
2020-12-19,1112852,35,669751,52.900000000000006,41100,32,46600,30,11589,66.5,651814,71.8
2020-12-20,822001,30.8,516601,49.5,32600,31,30500,28.000000000000004,9585,48.3,555254,66.2
2020-12-21,1719279,36.199999999999996,1011638,55.300000000000004,81200,26,56800,20,21647,80.2,777049,83.89999999999999
2020-12-22,1764202,37.2,1031789,56.39999999999999,82000,26,56400,20,22820,84.5,814975,90.10000000000001
2020-12-23,1775738,37.4,1033609,56.49999999999999,84400,27,59700,21,23305,86.3,864271,112.9
2020-12-24,1314656,36,813353,53.300000000000004,75800,24,54600,20,15928,71.7,760624,89.60000000000001
2020-12-25,485839,27.900000000000002,312707,46.800000000000004,51300,16,7300,7.000000000000001,8611,58.199999999999996,476547,53.5
2020-12-26,880184,28.199999999999996,555857,46,36000,28.000000000000004,42400,27,9094,59.9,593895,69.69999999999999
2020-12-27,761251,30.2,469973,49.9,34400,32,33200,31,9457,52.7,594862,76.1
2020-12-28,1513195,34.9,902574,58.8,81600,26,58500,21,18820,76.5,743305,90.9
2020-12-29,1558295,36,918291,59.8,78900,25,56200,20,19717,80.10000000000001,759864,95.89999999999999
2020-12-30,1585476,36.6,935138,60.9,79300,25,58000,21,20922,85,799839,119.7
2020-12-31,1277146,32,780869,49,75200,24,21600,20,17167,68.89999999999999,704297,86
2021-01-01,614497,26.6,378288,50,29000,10,8200,8,5960,69.8,445950,53.800000000000004
2021-01-02,989612,35.199999999999996,608686,51.300000000000004,28900,28.999999999999996,44500,28.000000000000004,10450,65.4,624765,84.5
2021-01-03,653915,28.7,413820,43.9,20800,25,25200,23,9745,52.300000000000004,496494,70.6
2021-01-04,1561237,29.799999999999997,964597,46.1,71100,23,50900,18,20612,69.19999999999999,688045,82.69999999999999
2021-01-05,1600910,29.599999999999998,990479,46,70400,23,51000,18,21641,68.5,708610,84.2
2021-01-06,1616889,29.7,996123,46.5,70300,23,50800,18,22795,70.89999999999999,726679,85.2
2021-01-07,1614248,29.5,989097,46.800000000000004,69700,23,51000,18,21571,68.4,736609,83
2021-01-08,1622259,29.7,982175,46,68600,23,51500,18,21641,70.1,754548,82.6
2021-01-09,991218,33,643475,49.4,27000,28.000000000000004,42900,27,12023,65.60000000000001,630790,76
2021-01-10,763690,33.300000000000004,501437,50.4,23800,28.999999999999996,29300,27,9467,48.9,564543,74.6
2021-01-11,1571330,30.099999999999998,966517,44.6,72300,24,51400,18,21089,70.5,708058,83.6
2021-01-12,1643725,30.3,997279,45.9,71400,24,52100,19,21623,67.4,730831,84.89999999999999
2021-01-13,1644812,29.799999999999997,996646,44.7,70600,23,51700,19,22720,68.30000000000001,737859,83.3
2021-01-14,1650630,29.9,1017757,47.3,70900,23,52500,19,21950,69.1,754071,83.3
2021-01-15,1630098,30.5,981817,48.3,70200,23,54000,19,21819,71.6,788779,82.8
2021-01-16,992599,38.3,645625,63.6,27100,28.000000000000004,43400,28.000000000000004,11654,82.6,631135,98.1
2021-01-17,798564,35,504031,53.400000000000006,24200,28.999999999999996,32900,31,9880,58.099999999999994,580771,82.69999999999999
2021-01-18,1279119,40.1,766926,58.8,68700,23,31900,11,14124,90.3,689251,86.5
2021-01-19,1639243,30.8,1013616,48.8,72600,24,52600,19,21049,67.2,736254,85.1
2021-01-20,1578038,29.099999999999998,921371,43.2,67900,22,50000,18,19281,59.199999999999996,712711,82.19999999999999
2021-01-21,1656100,30.4,1007042,47.3,71200,24,52000,19,19925,62.8,760221,85.39999999999999
2021-01-22,1675175,31.4,1018584,49.2,71300,24,54000,19,20375,66.9,787474,84.8
2021-01-23,998665,38.3,619673,60.099999999999994,27900,28.999999999999996,42700,27,10536,65.7,640381,86
2021-01-24,741960,31.8,458203,45.7,24000,28.999999999999996,29000,27,8317,45,560522,73.3
2021-01-25,1595694,30.4,978987,46.7,73100,24,52100,19,19991,67.5,727393,86.2
2021-01-26,1553918,27.800000000000004,911579,40.8,68200,23,49300,18,18115,57.4,653068,76.4
2021-01-27,1663376,29.5,1004792,45.1,70400,23,50500,18,19841,60.9,740154,84.8
2021-01-28,1650014,29.2,950205,43.2,70000,23,52000,19,20139,63.800000000000004,768600,89.1
2021-01-29,1514326,28.000000000000004,812264,38.3,65100,22,49700,18,19047,61.1,780131,83.6
2021-01-30,943426,32.800000000000004,566837,45.300000000000004,26600,27,40800,26,10284,60.9,652550,82.6
2021-01-31,723473,32.300000000000004,427945,44.1,23100,28.000000000000004,28400,26,8616,43.6,573512,81.5
2021-02-01,584184,10.9,337228,15.4,8600,3,16700,6,12202,40.5,156759,18.3
2021-02-02,1007502,18,543073,24,22800,7.000000000000001,30600,11,8155,25.2,311607,36.4
2021-02-03,1705655,30,949695,41.5,69100,23,49700,18,16869,50.1,656614,74.9
2021-02-04,1789214,31.6,1033791,47.199999999999996,71300,23,51000,19,20328,63.3,742193,83.89999999999999
2021-02-05,1744130,31.6,1001775,47.5,68900,23,51300,19,20136,65.4,766091,83.7
2021-02-06,1149757,38.6,715717,55.7,29200,30,40300,31,12020,66.4,689415,83
2021-02-07,653257,28.999999999999996,367095,37,17100,22,19400,21,7115,36.3,340122,44.4
2021-02-08,1642828,30.5,964007,44.9,71000,23,50900,19,17786,59.099999999999994,701146,82.89999999999999
2021-02-09,1669590,29.799999999999997,992290,44.5,69500,23,47600,18,19386,59,682085,79.2
2021-02-10,1753405,31.5,1052021,46.400000000000006,71300,23,50100,19,22169,64.8,769088,87.4
2021-02-11,1717804,30.3,1005348,45.5,70200,23,50500,19,20144,61.199999999999996,755367,82.5
2021-02-12,1709253,30.8,965421,45.800000000000004,72100,24,53700,20,20165,65.2,803912,82.19999999999999
2021-02-13,1093261,39.300000000000004,656637,57.9,29300,30,40800,31,11669,71,666722,81
2021-02-14,858877,36.8,479319,49.4,23400,28.999999999999996,28200,31,7835,40.5,551288,72.8
2021-02-15,1220357,38.1,726412,53.300000000000004,65700,21,30000,33,11437,70,641883,81.2
2021-02-16,1630739,31.7,963223,49.6,72700,24,49900,19,19126,61.5,726224,84.7
2021-02-17,1736509,32.4,1061711,52.2,74200,24,53700,20,22336,68,821333,93.10000000000001
2021-02-18,1384407,25.8,725951,36.5,58000,19,43000,16,15843,50.2,456327,50.3
2021-02-19,1568728,30.3,809308,43,64100,21,48700,18,14172,47.5,608152,65.4
2021-02-20,1111970,38,679240,53.900000000000006,30900,31,41200,31,10578,60.199999999999996,657045,79
2021-02-21,837051,36.8,516715,51.1,25200,32,27300,30,9195,45.800000000000004,605395,76.1
2021-02-22,1585133,29.299999999999997,927414,41.699999999999996,69700,23,48900,18,19015,62.8,691608,80.4
2021-02-23,1733604,31.1,1040398,46.800000000000004,73500,24,51600,19,20852,65,759850,87
2021-02-24,1809852,32.2,1099351,48.9,74800,24,53500,20,23223,69.5,797488,89.7
2021-02-25,1801708,31.7,1069420,48.199999999999996,75000,25,53400,20,22138,68,814611,87.9
2021-02-26,1826171,33.1,1065376,49.5,76700,25,56500,21,21911,68.7,851052,88.5
2021-02-27,1074256,37.7,635820,50.8,28800,28.999999999999996,38900,30,11319,62.7,681969,81
2021-02-28,811043,36.1,491545,50.2,23800,30,27700,30,8910,53.1,619960,78.8
2021-03-01,1699607,39.4,1020837,64.5,74400,24,51300,19,20359,86,747909,109.00000000000001
2021-03-02,1752983,30.599999999999998,1024511,44.7,75300,24,51600,19,20640,67.30000000000001,763489,85.1
2021-03-03,1850000,32.5,1119137,50,78800,25,55500,20,22823,72.39999999999999,798577,88.1
2021-03-04,1812200,31.4,1078036,47.599999999999994,78600,25,55100,20,21727,70,807284,86.1
2021-03-05,1829185,32.2,1041408,46.9,79100,25,58600,21,21842,75.3,846071,85.9
2021-03-06,1167887,37.5,696719,51,37200,34,45300,33,11951,68.4,728236,81.3
2021-03-07,894177,42.3,525930,58.599999999999994,29300,34,30700,33,9843,57.3,662461,86.1
2021-03-08,1722930,31,1039763,45.4,79400,25,56100,20,20685,71.8,767707,85
2021-03-09,1837670,31.900000000000002,1101988,47.3,79300,25,57700,21,22200,72.39999999999999,791512,87.2
2021-03-10,1852702,32,1104610,47,78100,25,58100,21,22774,71.1,804700,86.6
2021-03-11,1885584,32.4,1107502,47,80400,26,59000,21,22617,72.3,836773,86.7
2021-03-12,1917972,34,1092388,49,82400,26,63200,23,21724,74.8,873014,87.5
2021-03-13,1257372,39.4,730218,53.900000000000006,38500,36,52300,39,11932,70.5,776744,85.8
2021-03-14,923968,37.9,531754,51.6,30400,35,31800,34,9732,53.300000000000004,673170,79.80000000000001
2021-03-15,1733288,32.1,1023990,45.5,79300,25,55800,20,19986,71.39999999999999,774146,86.7
2021-03-16,1801682,32,1062179,45.6,77700,25,56400,20,20903,68.30000000000001,786996,86.6
2021-03-17,1869879,32.800000000000004,1103979,47.099999999999994,81400,26,58400,21,22323,70,808876,87.6
2021-03-18,1774375,31.900000000000002,1019472,46.7,76500,24,55400,20,20264,69.3,799478,87
2021-03-19,1910080,34.699999999999996,1083647,50.6,80000,26,60700,22,20357,72.39999999999999,863187,89.60000000000001
2021-03-20,1307403,43.2,768908,57.9,41700,39,54900,40,12558,76.1,787777,89
2021-03-21,1013386,41.9,579358,53.800000000000004,34700,40,37600,40,10358,56.10000000000001,735673,84.39999999999999
2021-03-22,1805084,33.300000000000004,1095241,48.5,84200,27,61100,22,20427,71.7,788542,88.7
2021-03-23,1883301,33.1,1133504,48.3,83100,27,58700,21,21590,71.2,810243,89.5
2021-03-24,1831662,32,1075968,46.6,79600,25,56500,20,21651,68.8,794315,85.8
2021-03-25,1929515,33.300000000000004,1127964,48.4,83600,27,61200,22,21763,71.3,847633,87.6
2021-03-26,1941782,34.699999999999996,1091753,49,84400,27,64500,23,20805,72.7,865970,87.8
2021-03-27,1374266,42.3,781981,55.900000000000006,47500,44,63600,47,12900,74.7,841595,90.60000000000001
2021-03-28,807247,35.699999999999996,459949,46.5,28300,33,29900,32,9104,52.2,601860,73.7
2021-03-29,1745540,31.4,1002597,43.7,86500,28.000000000000004,62400,23,18543,65,763647,85.1
2021-03-30,1885343,32.7,1079381,46,91300,28.999999999999996,65600,24,21019,70.3,842154,92.9
2021-03-31,1812072,30.8,995873,41.9,84900,27,61600,22,20374,63.1,833052,89.2
2021-04-01,1845249,31.2,1030209,43.6,77300,25,55500,19,20490,65.2,856466,87.8
2021-04-02,1760768,37,958085,54.300000000000004,79800,26,66800,23,18839,77,845252,86.8
2021-04-03,1319964,46.6,750682,62.8,47700,42,68800,46,12735,86.1,779701,83.2
2021-04-04,951260,40.6,519812,52.2,40900,45,47700,46,11632,60.099999999999994,749910,83.89999999999999
2021-04-05,1822134,32.800000000000004,1088750,47.599999999999994,87000,28.000000000000004,67700,24,19970,70.5,832239,91.4
2021-04-06,1946071,33.800000000000004,1155101,49.9,85800,28.000000000000004,66200,23,21695,71.7,840351,91.9
2021-04-07,1989179,33.900000000000006,1172362,49.9,85500,28.000000000000004,66700,23,23469,73.4,858593,90.3
2021-04-08,2017306,34.599999999999994,1177833,50.3,86700,28.000000000000004,68000,24,22579,71.89999999999999,877834,90.3
2021-04-09,2030410,35.5,1144311,51.2,87100,28.000000000000004,71000,25,21978,75.5,895229,89.4
2021-04-10,1392745,42.4,790023,56.39999999999999,46000,40,66800,45,12713,72,822112,86.8
2021-04-11,900666,36.4,504407,51,32000,35,35600,35,9742,52.300000000000004,666435,78.2
2021-04-12,1849254,33.300000000000004,1087799,49.6,83100,27,63900,22,21192,75.8,793402,87.3
2021-04-13,2016030,34,1196355,50.9,87200,28.000000000000004,67600,24,22728,75.5,832482,88
2021-04-14,2021936,33.800000000000004,1199954,51.300000000000004,86700,28.000000000000004,69900,24,23462,74.7,852606,88.1
2021-04-15,1910326,32.4,1083083,48.1,81800,26,63800,22,21198,71.5,822207,82.19999999999999
2021-04-16,2082447,36.4,1157507,51.800000000000004,87200,28.000000000000004,73600,26,21632,74.3,889711,92.2
2021-04-17,1425036,43.4,803352,57.3,49900,44,72600,49,13313,75.4,813162,96.3
2021-04-18,1082503,43.7,607333,61.4,38300,42,48200,47,10865,58.3,753446,85.6
2021-04-19,1914960,38.7,1147977,63.2,87200,28.000000000000004,67400,23,21274,89.1,816540,88.8
2021-04-20,2086630,38.4,1223642,60.4,90000,28.999999999999996,72000,25,23528,85,860511,92.4
2021-04-21,1969710,36.199999999999996,1139762,56.49999999999999,83500,27,66000,23,22379,76.3,828447,88
2021-04-22,2044069,37.4,1166357,59,86600,28.000000000000004,67600,24,21832,78,871573,92.5
2021-04-23,2125087,42.1,1184193,67.7,92800,30,76100,27,22035,86.8,920588,102
2021-04-24,1520057,46.5,809163,60.5,51600,45,78900,53,13351,81.39999999999999,854964,92.7
2021-04-25,985027,40.699999999999996,540989,54.50000000000001,34100,37,37100,36,9777,56.00000000000001,695863,83.1
2021-04-26,1959131,35.199999999999996,1156913,51.5,89300,28.999999999999996,68600,24,21083,77.4,826605,91.3
2021-04-27,2045718,35.5,1198299,52.400000000000006,89000,28.999999999999996,69300,24,22603,76.3,839788,90.4
2021-04-28,2139820,36.8,1227777,52.2,92100,30,72900,25,24411,79.2,888723,93.30000000000001
2021-04-29,2032405,34.5,1166096,49.7,88700,28.999999999999996,69000,24,22201,74.9,873037,88.8
2021-04-30,2163175,37.7,1185321,53.1,93500,30,77700,27,22322,77.8,922720,91.3
2021-05-01,1515211,46.9,818655,59,51100,43,76300,51,13263,75.4,849633,90.9
2021-05-02,1153471,49.5,620063,73.8,41800,43,51300,49,11541,65.9,809865,101.6
2021-05-03,1974754,35,1165505,51.1,91100,28.999999999999996,67100,23,21492,75.9,828506,89.3
2021-05-04,2124252,36.5,1227250,51.9,93100,28.999999999999996,72300,25,22962,74.2,851039,90.9
2021-05-05,2078394,35.4,1158445,48.4,92000,28.999999999999996,70300,25,23236,72.89999999999999,841968,87.5
2021-05-06,2204111,37.4,1258536,53.2,94200,30,76000,27,23792,77.2,905604,91.7
2021-05-07,2241860,39.800000000000004,1222741,54.1,101600,32,83100,28.999999999999996,22730,79.80000000000001,936747,91.9
2021-05-08,1444674,44.9,779188,54.300000000000004,56300,48,78700,52,13339,73.5,854156,86.1
2021-05-09,1108734,53.5,576000,69.1,54100,55.00000000000001,59300,56.99999999999999,13897,70.89999999999999,854809,100.29999999999998
2021-05-10,1993889,36.6,1149109,54.1,96800,30,73300,26,20751,78.8,844563,93.30000000000001
2021-05-11,2152549,37.3,1231886,53.300000000000004,97400,30,75400,26,22751,76.9,873176,93.10000000000001
2021-05-12,2186470,37.1,1238990,52.6,98900,31,77900,27,23946,74.9,887381,90.7
2021-05-13,2167164,36.6,1182347,50.8,103000,32,80000,28.000000000000004,23439,77.8,918259,90
2021-05-14,2270937,39.6,1220112,54.50000000000001,104900,33,85700,30,22437,78.5,947064,89.8
2021-05-15,1637242,48.1,844096,59.199999999999996,63100,53,91100,60,13516,76.6,891574,89.60000000000001
2021-05-16,1201918,45.800000000000004,621750,55.7,49200,50,56800,55.00000000000001,11062,59.199999999999996,814177,85.9
2021-05-17,2026574,36.3,1157960,51,98500,31,77300,27,20779,75.3,810018,83.8
2021-05-18,2154370,36.8,1215676,52.400000000000006,100400,31,80300,28.000000000000004,22367,74.4,838307,86.5
2021-05-19,2261916,38.4,1253578,53.900000000000006,104800,33,82700,28.999999999999996,23784,76.1,915644,92.30000000000001
2021-05-20,2273912,40,1243965,56.8,106600,33,82700,28.999999999999996,23659,79.60000000000001,931659,91.9
2021-05-21,2336140,43.1,1221591,55.50000000000001,110100,34,90900,32,22520,81,965528,91.9
2021-05-22,1647055,54.7,839877,63,66300,56.00000000000001,94500,63,13397,84.6,911148,100.89999999999999
2021-05-23,1270286,49.9,645466,60.699999999999996,58000,59,63700,61,11765,63.800000000000004,885740,101
2021-05-24,2123129,38.3,1192453,53.6,105500,33,80800,28.000000000000004,21563,75.8,869940,110.5
2021-05-25,2275628,41.9,1253998,57.599999999999994,110900,35,85900,30,22854,80.7,902577,97.5
2021-05-26,2280311,40,1241052,56.3,114500,36,86700,30,23594,80.2,921084,97.2
2021-05-27,2356638,41,1246269,56.99999999999999,117300,37,90600,32,23450,81.89999999999999,970920,99.5
2021-05-28,2236646,38.800000000000004,1135369,51.300000000000004,112800,35,89300,31,21520,77.10000000000001,931760,88.8
2021-05-29,1371467,43.2,648192,45.6,54800,46,71700,48,11734,67.60000000000001,744860,77.10000000000001
2021-05-30,1066132,42.1,484864,44.7,43400,45,47200,45,10028,55.50000000000001,664029,74.1
2021-05-31,1391302,53.400000000000006,702801,61,102300,32,63000,22,10380,96.2,756187,79.10000000000001
2021-06-01,2263536,40.9,1230127,58.3,114800,40,94900,37,22308,75.3,907698,95.39999999999999
2021-06-02,2348517,40.8,1249102,54.7,112500,39,90800,35,24325,78.7,910385,94.3
2021-06-03,2238336,39.1,1143159,52.800000000000004,102800,36,84800,33,23026,77.2,895524,89.1
2021-06-04,2314340,40.8,1160335,52,104600,35,88900,33,22743,78.7,930743,90.3
2021-06-05,1792204,54.800000000000004,874545,61.8,72800,65,62700,65,14636,81.89999999999999,946758,97.7
2021-06-06,1363344,52.6,654780,60.3,61900,66,51500,64,12514,69.8,921829,103.4
2021-06-07,2227613,42.199999999999996,1200737,58.5,112100,39,89400,34,21511,82.6,897208,102.2
2021-06-08,2270152,39.4,1175335,52.5,108300,38,88000,34,22948,78.10000000000001,878376,91.5
2021-06-09,2390612,40.6,1259005,54,107900,38,90600,35,23868,74.5,908563,92.7
2021-06-10,2478619,43.4,1276901,58.5,113200,39,91300,35,23498,79.60000000000001,951274,97.89999999999999
2021-06-11,2472629,43.3,1221484,54.7,118300,39,94600,35,23324,80.7,968763,93
2021-06-12,1775538,55.50000000000001,849178,59.5,68200,60,61500,64,14450,80.5,919318,91
2021-06-13,1379959,59.199999999999996,647385,61.8,59200,63,51700,64,12047,64.60000000000001,887098,95.19999999999999
2021-06-14,2227391,40.8,1176722,54,115300,40,91100,34,21568,79.2,869235,91.5
2021-06-15,2474710,44.1,1277203,60.8,117600,41,96700,37,23460,77.8,917933,98.7
2021-06-16,2524189,44,1288040,58.699999999999996,119200,42,94700,37,24788,79.4,945955,97.5
2021-06-17,2557486,44.9,1281552,62.8,121600,42,98400,38,23292,77.8,973485,97.39999999999999
2021-06-18,2576562,46.400000000000006,1235675,66.10000000000001,122800,41,104300,39,22491,78.8,989296,96.39999999999999
2021-06-19,1784312,54.1,841519,60,76500,68,66100,69,13949,80.2,952944,95
2021-06-20,1389352,52.900000000000006,652557,58.099999999999994,77000,82,60900,76,13189,70.5,951631,98.3
2021-06-21,2268969,41.9,1191844,56.10000000000001,123900,43,95700,36,20512,75.5,926300,94.5
2021-06-22,2359521,42.699999999999996,1172110,55.7,116200,40,97600,38,22293,74.7,896868,93.8
2021-06-23,2552443,44,1264095,56.00000000000001,121900,43,101900,39,24223,78.8,946870,93.2
2021-06-24,2557684,45.2,1248843,59.9,121500,42,100500,39,22842,77.10000000000001,978351,93.7
2021-06-25,2587425,47.3,1214123,60.9,126700,42,100500,37,22400,80.30000000000001,988675,94.5
2021-06-26,1855861,58.199999999999996,841585,63.1,76600,68,66700,69,13520,84.1,950086,98.2
2021-06-27,1561403,51.7,656004,59.599999999999994,75100,80,62400,78,11883,69.6,900039,96.5
2021-06-28,2256926,43.3,1152019,56.39999999999999,122300,42,101500,38,20503,76.9,924740,96.5
2021-06-29,2348456,44,1169268,56.2,119400,41,97800,38,21612,73.2,930011,98.2
2021-06-30,2350864,45,1139886,54.7,119400,42,99500,38,23001,76.9,945822,93.7
2021-07-01,2297059,41.8,1104516,53.1,114400,40,90000,35,22011,74.3,933638,121.39999999999999
2021-07-02,2300302,59,1121116,63.7,116500,39,94300,35,21489,96.8,920188,107.60000000000001
2021-07-03,1543756,59.5,738089,57.8,63800,56.99999999999999,57400,59,12676,87.4,777262,97.89999999999999
2021-07-04,1470325,54,615001,55.1,70200,75,63900,80,12816,98.4,773629,88.3
2021-07-05,1497714,64.7,770321,69.89999999999999,78400,84,59700,22,10303,56.89999999999999,838087,90.7
2021-07-06,2306692,42.199999999999996,1181416,54.400000000000006,127900,44,100500,39,22648,76,903777,95.19999999999999
2021-07-07,2442092,43.8,1234617,56.599999999999994,122600,43,99100,38,23637,78.60000000000001,926634,96.6
2021-07-08,2369035,43.1,1164513,56.00000000000001,116300,40,93200,36,22941,77.4,897858,92.5
2021-07-09,2322712,43,1115969,54.800000000000004,109400,37,88300,33,20632,74.3,888932,87.4
2021-07-10,1783921,58.8,855908,58.9,73000,65,64400,67,14518,84.7,925950,93.10000000000001
2021-07-11,1367403,56.10000000000001,635511,56.3,62600,67,53200,66,11725,65.2,830775,87.5
2021-07-12,2249975,42.5,1171521,55.900000000000006,120500,41,99000,37,20623,76.4,866231,91.2
2021-07-13,2462643,44.4,1239045,57.199999999999996,123400,43,105300,41,22286,74.3,895705,93.7
2021-07-14,2522633,46,1260044,59.599999999999994,120500,42,101800,39,23662,77.5,919213,97.1
2021-07-15,2586791,47.8,1275846,62.4,125600,44,105200,40,23772,82,971048,99.3
2021-07-16,2541195,48.8,1219118,59.4,123500,41,104300,39,21730,80.60000000000001,983846,95.7
2021-07-17,1717480,64.9,795347,62.6,73000,65,64500,67,13228,88.2,897001,97
2021-07-18,1405344,64.5,640618,62.1,67400,72,56200,70,11313,73.2,838604,96
2021-07-19,2332473,46.1,1208792,60.699999999999996,126700,44,103400,39,20276,77,897298,98.3
2021-07-20,2467017,46.7,1217802,60,125800,44,107000,41,22213,76.5,924495,101
2021-07-21,2509502,44.800000000000004,1225595,56.2,121500,42,104900,41,22865,75.2,914902,93.4
2021-07-22,2587338,46.5,1279778,59.5,127300,44,102300,39,23122,78.8,963493,95
2021-07-23,2557043,48.1,1219255,59.8,130500,44,101100,38,22314,80.80000000000001,985198,94.89999999999999
2021-07-24,1852402,60.699999999999996,856250,61.199999999999996,84900,75,68600,71,14042,83.1,950568,96.6
2021-07-25,1364830,56.00000000000001,625645,55.60000000000001,66400,71,53100,66,11419,63.1,864361,90.8
2021-07-26,2323169,45.1,1219135,59.099999999999994,129900,45,101300,38,19910,75.4,907205,96.1
2021-07-27,2493079,46.2,1267804,59.8,128300,44,103000,40,22609,78.10000000000001,918908,96.89999999999999
2021-07-28,2539760,47.4,1276296,62.4,126800,44,100000,39,23145,78.60000000000001,932094,98.7
2021-07-29,2433507,44.5,1186642,55.1,120300,42,94700,36,22164,76.7,918380,91
2021-07-30,2562489,49.1,1235623,60.3,131900,44,103500,39,22127,80.80000000000001,988596,97
2021-07-31,1841007,61.199999999999996,857333,61.4,85400,76,67100,70,13932,83.6,953445,101.49999999999999
2021-08-01,1351294,55.2,629963,55.7,66000,71,52000,65,11627,63,869092,93.89999999999999
2021-08-02,2338722,45.5,1208484,58.599999999999994,126200,43,102300,38,19824,73.9,903514,96
2021-08-03,2489064,46.5,1262043,59.699999999999996,123900,43,103200,40,22828,78.3,904753,96.8
2021-08-04,2534018,48.199999999999996,1257876,63.2,123700,43,99300,38,23611,80.30000000000001,921068,100.6
2021-08-05,2534287,46.6,1259332,59.9,120000,42,98300,38,22610,77.8,956306,95.6
2021-08-06,2523944,48.8,1222343,60.699999999999996,123200,41,101200,38,22179,81,979833,95.8
2021-08-07,1780458,58.9,836715,60.699999999999996,76800,68,67300,70,14108,83,923751,94.39999999999999
2021-08-08,1333885,53.800000000000004,598574,54.400000000000006,61100,65,54300,68,11934,67,843489,92.2
2021-08-09,2294279,45.6,1183050,59.5,109900,38,95600,36,20540,78.4,891525,94.19999999999999
2021-08-10,2447231,47.599999999999994,1245670,63.1,122500,42,95300,37,23079,81.8,905508,99.9
2021-08-11,2480877,47.3,1246306,61.5,119700,42,94700,37,23338,77.8,931264,98.3
2021-08-12,2453353,46.1,1223666,59.599999999999994,119700,42,90800,35,22427,77.9,965578,96.8
2021-08-13,2434624,48.5,1189426,60.099999999999994,123800,41,91900,34,21336,78.8,973883,96.6
2021-08-14,1718222,60,811826,58.699999999999996,75700,67,57700,60,13157,79.3,904780,95.5
2021-08-15,1430620,62.9,661705,60.8,73000,78,54400,68,12395,69.1,918288,100.69999999999999
2021-08-16,2292396,47.5,1170216,61,123900,43,100300,38,20087,77.3,910779,96.8
2021-08-17,2432692,47.599999999999994,1209633,60.099999999999994,120700,42,103600,40,22245,78.5,909180,95.5
2021-08-18,2450516,48.3,1210760,61.199999999999996,117200,41,97900,38,22715,77.9,917872,96.39999999999999
2021-08-19,2444495,47.9,1194375,60.099999999999994,117400,41,93000,36,21838,77.2,939085,94.19999999999999
2021-08-20,2460924,50.4,1183308,62.3,124600,42,99500,37,21451,79.3,969814,95.8
2021-08-21,1716439,59.199999999999996,822340,59.699999999999996,72800,65,62000,64,13046,79,941331,95.6
2021-08-22,745800,32,369246,33.5,27500,28.999999999999996,16100,20,7979,45,489334,52.7
2021-08-23,2056731,42.199999999999996,1032792,53.300000000000004,110000,38,84200,32,18809,74.1,821654,88.8
2021-08-24,2467406,47.3,1234884,60,130600,45,98300,38,22679,80.4,942935,100.2
2021-08-25,2503420,48.199999999999996,1236342,61.1,127400,44,93300,36,23351,80.4,957036,101.29999999999998
2021-08-26,2485132,47.099999999999994,1222996,58.699999999999996,122100,42,91000,35,22068,78.9,950534,93.10000000000001
2021-08-27,2392602,48.699999999999996,1147249,57.3,119700,40,90500,34,21211,79.4,973335,94.1
2021-08-28,1661095,56.99999999999999,776489,57.99999999999999,69000,61,56200,57.99999999999999,12760,78,890293,94.6
2021-08-29,1400642,56.10000000000001,630281,58.199999999999996,68800,74,54100,67,11558,61.7,890505,99.3
2021-08-30,2325695,47.699999999999996,1182908,61,131600,45,97100,37,19224,75.7,911105,98.4
2021-08-31,2537974,48.699999999999996,1246463,60.6,133600,46,99900,38,22724,80.60000000000001,936181,99.5
2021-09-01,2298999,44.2,1086148,53.7,118400,41,90600,35,20878,71.89999999999999,811053,85.8
2021-09-02,1664178,31.5,1188941,56.99999999999999,105600,37,NA,NA,21179,75.8,851145,83.3
2021-09-03,2394842,48.8,1221668,61,139800,47,97900,36,22585,84.5,1014806,98.1
2021-09-04,1779743,61,834456,62.3,84800,75,57100,59,13382,81.8,927358,98.5
2021-09-05,1416893,56.8,618622,57.099999999999994,71000,76,45200,56.00000000000001,11931,63.7,832200,92.80000000000001
2021-09-06,1523354,68.30000000000001,733947,77.4,77900,83,51300,19,10077,105.5,812884,109.60000000000001
2021-09-07,2238469,42.1,1102372,51.9,137600,48,113700,44,21143,73.8,902400,94.8
2021-09-08,2534847,46,1192895,54.7,135700,47,110900,43,22354,73.4,896020,95.6
2021-09-09,2708091,45.5,1249341,52,139500,48,111700,43,23653,76.1,911040,93.8
2021-09-10,2845820,48.4,1322430,56.39999999999999,150900,50,113500,42,23037,78.10000000000001,995486,98
2021-09-11,1985273,63.3,870791,62.9,82200,73,65300,68,13070,77.4,917704,97.7
2021-09-12,1591655,62.1,694561,62.6,77000,82,59000,73,12239,66.2,899864,97.89999999999999
2021-09-13,2858929,50.3,1441516,60.9,147800,51,122500,46,21898,77.5,914827,98.5
2021-09-14,3017947,50.6,1511145,62.4,144900,50,120500,46,23132,75.3,908024,97.5
2021-09-15,2993744,49.9,1503627,61.8,139900,49,116400,45,23966,74.6,904733,95.8
2021-09-16,2539853,42.1,1210069,50,128000,44,107700,41,20826,67.2,864413,88.2
2021-09-17,3034676,50.7,1456201,62.6,142100,47,119300,44,23282,80.7,982085,96.8
2021-09-18,2017430,60.699999999999996,871175,61.1,77300,69,76300,79,14054,79.5,949178,97.5
2021-09-19,1598720,61.1,674024,60.199999999999996,69400,74,64100,80,12612,67.4,914623,97.89999999999999
2021-09-20,2889759,50.2,1481676,63.2,148100,51,122100,46,21889,78.10000000000001,895109,97
2021-09-21,3025310,50.3,1505803,63.2,142700,49,123900,48,22399,74.5,860050,93.2
2021-09-22,3027925,49.9,1506211,62.7,139900,49,120100,46,23157,72.8,872883,92.10000000000001
2021-09-23,3022830,49.8,1483075,62.6,140100,49,115500,44,23031,75.3,915198,94
2021-09-24,3128041,53.1,1469705,63.7,142800,48,116700,43,21941,76.5,986694,96.6
2021-09-25,2132211,66.4,872490,62.6,88500,78,81300,84,13909,81.69999999999999,953628,98.2
2021-09-26,1616915,63.7,657257,60.099999999999994,80100,86,64900,81,12034,64.3,895286,97.5
2021-09-27,2880083,50,1489441,63.6,146200,50,121500,46,21209,75.7,881116,95.39999999999999
2021-09-28,2934542,48.8,1457421,61.1,141200,49,118300,45,21727,72.2,831192,90.10000000000001
2021-09-29,3070509,51.6,1513184,62.6,137500,48,120000,46,23323,75.1,886785,95.8
2021-09-30,3153965,52.400000000000006,1516081,65.7,144800,50,121800,47,23555,74.6,953501,101.8
2021-10-01,3169206,52.800000000000004,1492942,64,140000,47,116200,43,23098,77.3,985786,98.1
2021-10-02,2066222,61.9,883902,62.8,86600,77,80900,84,14145,79.80000000000001,923455,98.7
2021-10-03,1577642,62.6,673253,62.6,74900,80,66800,83,12936,67.2,887540,102
2021-10-04,2870940,50.2,1419155,60.4,152600,53,121300,46,21794,74.8,871945,96.39999999999999
2021-10-05,3098187,54.1,1499767,65,150200,52,124700,48,23644,77.8,887129,101
2021-10-06,3147958,52.900000000000006,1532668,63.4,149600,52,123100,48,24678,79.5,913993,98.7
2021-10-07,3198045,52.900000000000006,1523168,64.2,150100,52,121400,47,24571,78.10000000000001,951212,97.89999999999999
2021-10-08,3175133,54.1,1473912,64.60000000000001,153800,51,123600,46,23356,78.3,1001210,97
2021-10-09,2052746,62.8,856308,62.1,84600,75,82000,85,13634,77.9,919384,97.8
2021-10-10,1499551,56.39999999999999,601821,55.800000000000004,65600,70,59000,73,11794,63.800000000000004,806025,90
2021-10-11,2267498,53.2,1045865,64,131700,45,114500,43,16917,88.9,878443,102.89999999999999
2021-10-12,3110171,52.900000000000006,1514608,64.4,154600,54,128200,49,23848,78.7,910639,99.6
2021-10-13,3164655,54.1,1511356,68.89999999999999,151300,53,124800,48,24396,78.4,907632,99.8
2021-10-14,3248072,53.400000000000006,1527543,66,154600,54,126800,49,24144,77,952876,98.3
2021-10-15,3233854,53.900000000000006,1491099,65.3,150900,50,124700,46,23251,77.2,990940,96.3
2021-10-16,2044396,60.8,856990,62,83400,74,74900,78,13307,75.3,896392,93.89999999999999
2021-10-17,1631844,67,663944,67.80000000000001,74800,80,69700,87,12564,67.4,891527,106.89999999999999
2021-10-18,2989693,52.7,1461843,63.800000000000004,153700,53,127400,48,21454,78.10000000000001,889996,101.8
2021-10-19,3185458,54.900000000000006,1510722,66.7,153400,53,130000,50,23403,78,899389,102.8
2021-10-20,3241475,53.5,1525608,63.6,155200,54,131100,51,24474,74.7,916246,96.89999999999999
2021-10-21,3275195,53.5,1476434,62,149900,52,127300,49,24007,74.8,948652,96.3
2021-10-22,3232113,54.7,1471199,64.1,145800,49,126600,47,22843,75.7,986548,98
2021-10-23,2079731,62.3,847596,60.6,74700,66,82900,86,13556,76,914737,96.1
2021-10-24,1601835,72.7,659283,75.6,69600,74,68200,85,12314,71.89999999999999,883371,113.7
2021-10-25,3001962,52.1,1461023,63,158300,54,125800,47,21724,75.2,883887,96.7
2021-10-26,2707913,45.300000000000004,1233660,53.1,130100,45,104500,40,21220,68.2,738636,80.9
2021-10-27,3307634,54.900000000000006,1503535,63.7,155900,54,129900,50,24144,75.2,914494,98.8
2021-10-28,3373576,58.4,1515489,69.8,159600,55.00000000000001,132200,51,24814,85.5,959835,108.3
2021-10-29,3258376,54.7,1426938,63,153300,51,122600,46,22477,74.3,963442,97.2
2021-10-30,2046487,61.1,819620,59.099999999999994,76500,68,69300,72,12642,69.39999999999999,854656,92.30000000000001
2021-10-31,1748679,69.5,656203,62.4,68700,73,66300,82,12233,63,824978,96.1
2021-11-01,3041089,52.2,1448304,62.6,158400,54,131300,49,21387,71,898451,97.8
2021-11-02,2853901,51.5,1258180,59.8,147800,51,129300,50,22016,72.2,853432,95.7
2021-11-03,3301103,54.800000000000004,1507287,63.4,154200,54,131000,51,23349,70.1,901230,96.3
2021-11-04,3291525,54.6,1486942,63.6,151400,53,126500,49,24009,74.5,931012,97.5
2021-11-05,3300207,56.3,1457014,66.7,150200,50,121800,45,23009,77.7,966007,98.5
2021-11-06,2198274,67.9,864499,66.10000000000001,84900,75,80800,84,13672,77.10000000000001,910587,99.6
2021-11-07,1891963,65.7,614513,62,81200,87,72200,90,10647,63,780686,100.49999999999999
2021-11-08,3072454,52.800000000000004,1461178,63.2,159700,55.00000000000001,131100,49,22136,73.5,889544,96.8
2021-11-09,3287134,56.599999999999994,1518264,69.19999999999999,157200,54,134100,52,24504,77.60000000000001,898518,101.2
2021-11-10,3359437,57.599999999999994,1514453,69,159300,56.00000000000001,134400,52,24608,76.3,926005,100.89999999999999
2021-11-11,2927728,61,1198235,66.10000000000001,143400,50,122900,47,19846,89.8,895643,105.4
2021-11-12,3164764,53.800000000000004,1350608,60.6,141700,47,117700,44,21598,69,919941,92.9
2021-11-13,2172149,67.10000000000001,815114,61.9,80800,72,74300,77,13124,75.1,869112,96.2
2021-11-14,1704908,70,657129,65,72500,78,62900,78,12460,65.7,858311,104.60000000000001
2021-11-15,3117761,55.50000000000001,1437414,66.10000000000001,161000,55.00000000000001,132200,50,22208,74.7,890524,100.89999999999999
2021-11-16,3348316,56.8,1492110,64.3,161400,56.00000000000001,137200,53,23694,72.5,902386,99.2
2021-11-17,3376522,56.89999999999999,1501740,64.5,158400,55.00000000000001,131100,51,24396,72.8,915266,98.6
2021-11-18,3419760,56.99999999999999,1505488,64.5,157400,55.00000000000001,132600,51,24071,74.2,959226,99.9
2021-11-19,3323841,57.199999999999996,1429787,65.3,151800,51,127100,47,22662,74.5,987149,100.89999999999999
2021-11-20,2138098,67,861772,63.5,94400,84,82900,86,NA,NA,915131,102
2021-11-21,1676033,74.3,674551,72.39999999999999,80500,86,66900,83,NA,NA,841901,111.5
2021-11-22,3137259,54.800000000000004,1418226,62.4,156900,54,127800,48,21441,71.7,901942,99.6
2021-11-23,3293785,56.39999999999999,1424890,61.8,162200,56.00000000000001,136600,53,22574,70.8,989345,99.2
2021-11-24,3091878,58.5,1343391,62.7,165300,57.99999999999999,139400,54,21002,76.3,992568,100.49999999999999
2021-11-25,1359188,64,509782,62.4,125400,44,69900,27,15459,72.2,861084,95.39999999999999
2021-11-26,2092977,60.099999999999994,843588,59.5,128500,43,108700,40,11077,74.1,789915,98.4
2021-11-27,1882638,67.5,750986,61.3,83700,74,76100,79,10620,74.4,850980,94.3
2021-11-28,1467414,72.2,592081,72.3,75200,80,65100,81,10481,69.69999999999999,825585,113.5
2021-11-29,3002707,56.99999999999999,1381661,70.39999999999999,166200,56.99999999999999,132500,50,21124,80.5,900399,117.9
2021-11-30,3214333,55.1,1432539,64.2,166700,57.99999999999999,136600,53,22469,74.3,897216,100.1
2021-12-01,3333735,55.7,1463384,63.9,163200,56.99999999999999,136100,53,23347,69.19999999999999,899319,96.6
2021-12-02,3366133,55.50000000000001,1449142,63.5,154700,54,127500,49,22540,68.5,923179,95.7
2021-12-03,3380539,56.699999999999996,1419078,64.5,144500,48,119400,44,22518,72.7,940827,96.2
2021-12-04,2318203,65.8,864764,65.5,91500,81,81400,84,13317,71.89999999999999,864918,96.5
2021-12-05,1737545,65,665129,64.3,72700,78,60500,75,12541,63.9,818544,99.1
2021-12-06,3142556,55.900000000000006,1394230,67.80000000000001,155000,53,127300,48,21761,72.8,865595,98.8
2021-12-07,3375157,56.89999999999999,1453136,64.9,153700,53,131000,50,23262,71.1,883027,97.1
2021-12-08,3385675,56.89999999999999,1430106,64.7,156200,55.00000000000001,130200,50,22691,73.1,889409,100.8
2021-12-09,3440822,56.49999999999999,1436883,64.3,154400,54,126200,48,22743,69.6,927903,94.8
2021-12-10,3423782,57.8,1404176,66.5,152500,51,127700,48,22237,72.5,962125,98.2
2021-12-11,2268556,65.7,786137,61.3,91900,81,81100,84,13396,75.4,863814,98
2021-12-12,1831705,65.10000000000001,627007,59.5,80900,87,66500,83,12189,61.7,828121,98.5
2021-12-13,3127619,54.6,1333718,61.199999999999996,153400,53,129700,49,21617,71.6,874293,96.39999999999999
2021-12-14,3281294,57.599999999999994,1378221,67.4,154900,54,131800,51,23043,73,894669,103.3
2021-12-15,3249076,54.7,1436154,65,153100,53,129800,50,23732,70.7,921048,97.6
2021-12-16,3226842,56.10000000000001,1438193,70.3,152700,53,126100,48,23623,74.1,948535,97.39999999999999
2021-12-17,3118492,55.1,1375383,66.2,146100,49,121000,45,22539,72.3,968689,97.6
2021-12-18,1882956,59.099999999999994,786073,62.1,74300,66,66100,69,12312,70.6,832994,91.8
2021-12-19,1581503,59.3,636393,61,65700,70,56300,70,12238,61.7,784051,93.5
2021-12-20,2722430,57.4,1277654,69.8,132100,45,102700,39,20318,75.3,856849,92.60000000000001
2021-12-21,2703097,56.99999999999999,1299476,71,124400,43,97100,37,21656,80.2,866595,93.60000000000001
2021-12-22,2640159,55.60000000000001,1252621,68.4,117700,41,92900,36,21673,80.30000000000001,878197,94.89999999999999
2021-12-23,2491489,52.5,1166953,63.7,118400,41,97200,37,19335,71.6,899513,97.2
2021-12-24,1577738,43.2,746809,48.9,97400,33,81100,30,12009,54.1,738612,81.6
2021-12-25,811945,46.6,329549,49.3,39500,35,31600,33,9021,61,582582,76.1
2021-12-26,1286484,51,518897,55.1,56500,60,51500,64,8744,48.8,673477,86.2
2021-12-27,2011675,46.5,890096,57.99999999999999,108500,37,89400,34,14952,60.8,744547,91.10000000000001
2021-12-28,2172791,50.2,953933,62.1,109900,38,89700,35,16736,68,764364,93.5
2021-12-29,2171073,50.1,921562,60,105900,37,92600,36,16859,68.5,768653,94.1
2021-12-30,2202359,50.9,928012,60.4,110100,38,90800,35,16177,65.7,804654,98.5
2021-12-31,1629859,52.2,699749,57.99999999999999,96700,32,85200,32,11498,75.7,628305,73.7
2022-01-01,1029180,44.5,350845,46.400000000000006,34000,30,30300,31,4904,57.49999999999999,498515,74.6
2022-01-02,1221306,53.7,475096,50.4,49200,53,42600,53,8383,45,624655,88.8
2022-01-03,2172744,41.4,1000002,47.8,103000,35,84000,32,16437,55.2,692740,83.2
2022-01-04,2294147,42.4,1082360,50.3,104200,36,82000,32,17909,56.699999999999996,733369,87.1
2022-01-05,2272601,41.8,1078511,50.3,98300,34,77600,30,18861,58.699999999999996,709060,83.1
2022-01-06,2396085,43.8,1146904,54.300000000000004,103600,36,82600,32,18672,59.199999999999996,780026,87.9
2022-01-07,2125569,39,880997,41.3,90200,30,73100,27,14203,46,559774,61.3
2022-01-08,1487737,49.5,631341,48.5,51700,46,46400,48,9126,49.8,641533,77.3
2022-01-09,1103682,48.199999999999996,475438,47.8,43400,46,35300,44,7916,40.9,567494,75
2022-01-10,2352277,45.1,1147341,52.900000000000006,116500,40,90200,34,18268,61.1,762712,90
2022-01-11,2271033,41.9,1040581,47.9,104400,36,81400,31,17388,54.2,753381,87.5
2022-01-12,2464248,44.7,1179931,52.900000000000006,111000,39,86000,33,19679,59.099999999999994,784901,88.6
2022-01-13,2529329,45.800000000000004,1218552,56.599999999999994,112500,39,87700,34,19918,62.7,821641,90.8
2022-01-14,2527746,47.3,1186647,58.4,109200,36,88600,33,18878,62,866901,91.10000000000001
2022-01-15,1436125,55.400000000000006,573037,56.49999999999999,53400,47,45300,47,9510,67.4,703293,109.3
2022-01-16,1166766,51.1,456257,48.3,43600,47,38000,47,8545,50.3,621361,88.4
2022-01-17,1602238,50.2,694066,53.2,98700,34,44100,17,8760,56.00000000000001,649397,81.5
2022-01-18,2546425,47.9,1222195,58.9,125600,44,100400,39,19389,61.9,815605,94.3
2022-01-19,2647727,48.8,1286788,60.3,121200,42,96300,37,21111,64.8,829778,95.7
2022-01-20,2550517,46.800000000000004,1181953,55.50000000000001,112600,39,88200,34,18616,58.699999999999996,766608,86.1
2022-01-21,2570529,48.1,1151816,55.7,113500,38,91100,34,19079,62.6,864079,93.10000000000001
2022-01-22,1585292,60.9,655490,63.6,59400,53,53700,56.00000000000001,10455,65.2,735629,98.8
2022-01-23,1246961,53.5,529115,52.800000000000004,48700,52,43600,54,9446,51.1,685007,89.60000000000001
2022-01-24,2542015,48.4,1244112,59.4,127800,44,100500,38,19472,65.8,791390,93.8
2022-01-25,2706871,48.5,1308979,58.599999999999994,124500,43,98900,38,21233,67.30000000000001,817021,95.6
2022-01-26,2717000,48.199999999999996,1266798,56.8,118600,41,96300,37,21033,64.5,833936,95.5
2022-01-27,2730250,48.4,1275573,58.099999999999994,119000,41,95700,37,20934,66.3,869615,100.8
2022-01-28,2708397,50.1,1208092,56.89999999999999,120900,40,96400,36,20115,64.5,866261,92.9
2022-01-29,1000199,34.8,271959,21.7,8100,7.000000000000001,22000,23,5353,31.7,174348,22.1
2022-01-30,1263710,56.49999999999999,460299,47.5,47900,51,45000,56.00000000000001,5974,30.2,506466,72
2022-01-31,2580730,47.9,1139164,51.9,132200,46,109700,41,18400,61.1,777628,90.7
2022-02-01,2640076,47.199999999999996,1127084,49.8,135300,47,111400,43,20357,62.8,804390,93.89999999999999
2022-02-02,2945982,51.9,1314898,57.4,140100,49,111000,43,22427,66.7,846701,96.6
2022-02-03,2919948,51.6,1304726,59.599999999999994,126900,44,104100,40,22325,69.5,853193,96.39999999999999
2022-02-04,2730797,49.4,1176367,55.7,117900,39,94300,35,18557,60.3,781068,85.3
2022-02-05,1794615,60.3,726750,56.49999999999999,61200,54,61500,64,11377,62.8,775134,93.30000000000001
2022-02-06,1325280,58.8,558211,56.2,51500,55.00000000000001,48400,60,10621,54.1,744779,97.3
2022-02-07,2789941,51.7,1297024,60.5,136500,47,111300,42,21120,70.19999999999999,809094,95.7
2022-02-08,3022902,53.900000000000006,1387432,62.2,141700,49,119200,46,22667,69,851665,98.9
2022-02-09,3095072,55.50000000000001,1421706,62.7,143700,50,115300,45,23863,69.69999999999999,868057,98.7
2022-02-10,3118851,54.900000000000006,1423775,64.4,143100,50,115700,44,23341,70.89999999999999,905812,98.9
2022-02-11,3021042,54.50000000000001,1348189,64,131000,44,110700,41,22608,73.1,939270,96.1
2022-02-12,2028603,72.89999999999999,820629,72.3,71700,64,71800,74,13376,81.3,867255,105.3
2022-02-13,1351186,57.9,510307,52.5,50500,54,46400,57.99999999999999,10013,51.800000000000004,655107,86.5
2022-02-14,2913628,54,1272100,59.3,142500,49,113300,43,20812,69.19999999999999,862473,102
2022-02-15,3037189,54.1,1340123,60,146600,51,119000,46,21922,66.7,873240,101.4
2022-02-16,3106976,55.7,1406714,62,140400,49,115300,45,23513,68.7,875377,99.5
2022-02-17,3116483,54.900000000000006,1408571,63.800000000000004,141200,49,115700,44,23713,72,911310,99.5
2022-02-18,2959462,53.400000000000006,1285978,61,129400,43,112000,42,21470,69.5,947650,96.89999999999999
2022-02-19,1794244,61.4,723602,57.4,64700,56.99999999999999,66500,69,12171,69.3,813140,97.8
2022-02-20,1478642,64.9,571789,56.49999999999999,55000,59,54900,68,11017,54.900000000000006,768971,96.7
2022-02-21,1945048,60.699999999999996,873961,64.2,109900,38,63900,24,12500,76.5,816227,103.3
2022-02-22,2675275,51.9,1143526,58.9,135400,47,112800,43,19233,61.9,846877,98.8
2022-02-23,2900361,54.1,1247209,61.3,140200,49,119200,46,23807,72.39999999999999,892767,101.2
2022-02-24,2864025,53.400000000000006,1196924,60.199999999999996,132500,46,110400,42,21868,69.3,911720,100.49999999999999
2022-02-25,2580174,49.9,1027563,54.6,114700,38,91000,34,18740,62.8,794852,85.5
2022-02-26,1826845,62.5,775358,61.5,71800,64,61600,64,12226,69.6,847294,101.89999999999999
2022-02-27,1404750,61.7,604646,59.699999999999996,62900,67,51600,64,11337,56.49999999999999,802377,100.89999999999999
2022-02-28,2921956,54,1362855,61.3,134900,46,118600,45,21929,72.39999999999999,859177,99.9
2022-03-01,3144836,56.39999999999999,1435834,64.60000000000001,165800,56.99999999999999,150800,57.99999999999999,22944,71.5,873348,99.9
2022-03-02,3214846,57.199999999999996,1463263,65,159200,56.00000000000001,140900,55.00000000000001,24289,72.6,896503,100.8
2022-03-03,3214169,56.49999999999999,1434851,64.7,152900,53,132500,51,23800,73.1,923154,99.6
2022-03-04,3083344,55.900000000000006,1363159,63.4,145500,49,125100,47,22821,71.6,957694,99.6
2022-03-05,1957651,68.7,812774,64.9,69000,61,70400,73,13269,73.5,865292,102.8
2022-03-06,1446051,64.4,600501,61.3,53000,56.99999999999999,52900,66,12557,74.9,787598,107.89999999999999
2022-03-07,2987081,53.7,1395540,60.9,153900,53,129800,49,22465,77.9,861409,95.39999999999999
2022-03-08,3251396,56.49999999999999,1456451,62.5,158700,55.00000000000001,138800,53,24076,78.5,894132,98.5
2022-03-09,3119759,54,1338822,56.99999999999999,153400,54,129100,50,23477,73.3,832720,89.60000000000001
2022-03-10,3346277,57.599999999999994,1476288,62.6,163900,56.99999999999999,140100,54,24515,78.4,945191,98
2022-03-11,3202106,56.8,1419371,63.7,159000,53,135400,50,23736,81.8,986555,98.9
2022-03-12,1665641,52.300000000000004,637601,47,51700,46,59900,62,10655,62.9,669502,74
2022-03-13,1480930,61.3,590753,54.900000000000006,60000,64,57500,72,11491,62.3,792377,90.9
2022-03-14,3015216,55.900000000000006,1406578,62.4,160000,55.00000000000001,134100,50,22481,80.30000000000001,879699,98.6
2022-03-15,3283193,58.199999999999996,1454522,62.5,171400,59,146800,56.00000000000001,24272,79.3,906028,99.8
2022-03-16,3339344,58.699999999999996,1476356,63,168800,59,145100,56.00000000000001,25305,79.3,914284,99
2022-03-17,3182552,57.199999999999996,1350810,61.8,166900,57.99999999999999,135700,52,22946,78.5,888875,96.7
2022-03-18,3281721,59.699999999999996,1402806,65.5,163200,54,137500,51,24019,85.39999999999999,978491,101.49999999999999
2022-03-19,2003889,66.3,820933,61.8,74100,66,74000,77,12877,78.10000000000001,872810,98.6
2022-03-20,1658395,68.60000000000001,628693,58.4,67600,72,63800,79,12736,69,879711,100.89999999999999
2022-03-21,3041126,56.10000000000001,1418900,62.8,165500,56.99999999999999,134200,50,22229,78,880846,99.1
2022-03-22,3284022,57.699999999999996,1471299,62.7,168300,57.99999999999999,144800,56.00000000000001,23948,79,891089,98.5
2022-03-23,3282248,57.4,1438665,62.3,161200,56.00000000000001,138900,54,24574,78.10000000000001,891509,96.3
2022-03-24,3218694,55.50000000000001,1373850,59,162400,56.00000000000001,134100,51,22998,75.4,900384,93.10000000000001
2022-03-25,3225045,57.599999999999994,1397899,62.8,158500,53,133400,50,23274,81.3,967743,98.2
2022-03-26,2026750,62.4,783499,56.00000000000001,71800,64,73900,77,13208,76.5,875353,94.19999999999999
2022-03-27,1535658,67.9,628313,63.5,65000,69,58000,72,11809,67.80000000000001,830360,101.69999999999999
2022-03-28,2995970,53.800000000000004,1336330,58.199999999999996,153200,53,130900,49,22114,77.5,868259,96.8
2022-03-29,3298783,57.199999999999996,1430099,61,163200,56.99999999999999,143900,55.00000000000001,23981,80.2,886086,97.8
2022-03-30,3342993,56.8,1465351,61.6,164900,57.99999999999999,143200,55.00000000000001,24620,76.2,913063,97.8
2022-03-31,3330025,56.3,1450363,61.4,164100,56.99999999999999,139600,54,24308,77.3,941530,96.5
2022-04-01,3243079,56.89999999999999,1411421,65,145300,49,120600,45,24017,84,972802,99.9
2022-04-02,2130919,64.5,879513,62.6,77200,68,80500,83,14382,80.4,893814,95.3
2022-04-03,1465351,58.4,607152,61.199999999999996,58800,63,53800,67,12947,67.5,790600,88.5
2022-04-04,3134343,56.39999999999999,1447820,63.3,159500,55.00000000000001,135900,51,23746,83.8,899510,98.8
2022-04-05,3363543,58.3,1484961,64.2,170100,59,150700,57.99999999999999,24873,82.19999999999999,904813,99
2022-04-06,3318116,56.599999999999994,1403198,59.8,163800,56.99999999999999,142800,55.00000000000001,25103,78.5,890470,93.7
2022-04-07,3313712,56.89999999999999,1379678,58.9,161300,56.00000000000001,140200,54,24107,76.8,901454,92.7
2022-04-08,3354096,58.599999999999994,1443367,64.60000000000001,160900,54,140800,52,24488,84.2,998348,99.7
2022-04-09,2190462,66.8,868945,62,81600,72,86600,90,13969,79.2,897690,94.69999999999999
2022-04-10,1707761,69,667662,67.5,63200,68,66100,82,13935,74.8,850153,99.8
2022-04-11,3212082,57.8,1433226,65.4,161100,55.00000000000001,140200,53,23569,84.3,901316,99.2
2022-04-12,3085168,52,1496004,63.7,172300,60,149400,56.99999999999999,25286,84,936334,98.9
2022-04-13,3227557,54,1495891,63.9,163400,56.99999999999999,147000,56.99999999999999,25847,82.19999999999999,949712,98.1
2022-04-14,3304078,56.00000000000001,1438990,63.9,162900,56.99999999999999,144300,55.00000000000001,25073,84.6,982717,98.2
2022-04-15,2766260,58.199999999999996,1137728,64.5,166100,55.00000000000001,140200,52,20908,85.39999999999999,973156,100.8
2022-04-16,1988439,70.19999999999999,830874,69.5,89000,79,83700,87,13413,90.7,885536,104.89999999999999
2022-04-17,1514273,64.60000000000001,596619,60,71300,76,71700,89,14704,75.9,845418,96.1
2022-04-18,2681463,54.2,1145261,63.1,154300,53,139200,52,20245,84.8,901207,98
2022-04-19,2967971,54.6,1189960,58.8,168400,57.99999999999999,151500,57.99999999999999,22359,80.80000000000001,895086,96.1
2022-04-20,3104143,57.099999999999994,1265823,62.8,171700,60,155700,60,24212,82.6,942383,100.1
2022-04-21,3039160,55.60000000000001,1231047,62.3,165800,57.99999999999999,147500,56.99999999999999,23239,83,920202,97.7
2022-04-22,2991024,59.199999999999996,1217380,69.6,157900,53,145600,54,22298,87.8,935779,103.60000000000001
2022-04-23,2109247,64.5,844146,63.2,79400,70,89800,93,13459,82.1,907580,98.4
2022-04-24,1655863,68.4,648591,65.4,64800,69,67600,84,12927,74,875218,104.5
2022-04-25,3032863,54.6,1415638,63,159600,55.00000000000001,139000,52,22370,82.1,883942,97.6
2022-04-26,3288681,57.099999999999994,1453452,63.5,172200,60,153900,59,23800,80.4,897493,96.6
2022-04-27,3439185,59.199999999999996,1500437,63.800000000000004,172600,60,153100,59,25229,81.89999999999999,934481,98.1
2022-04-28,3411703,57.8,1468093,62.6,167300,57.99999999999999,146300,56.00000000000001,24321,82,968651,98.6
2022-04-29,3263534,56.8,1429909,64,164900,55.00000000000001,136900,51,23421,81.6,994415,98.4
2022-04-30,2110869,65.4,884540,63.7,82900,73,82800,86,14223,80.80000000000001,938739,100.4
2022-05-01,1686647,72.39999999999999,676070,80.4,64600,69,62500,78,12976,74.1,870826,109.2
2022-05-02,2738250,48.5,1176867,51.6,146400,50,126800,48,21695,76.6,883276,95.19999999999999
2022-05-03,3410282,58.599999999999994,1500109,63.4,177900,62,155300,60,24680,79.7,929868,99.4
2022-05-04,3371649,57.49999999999999,1465639,61.199999999999996,168500,59,147100,56.99999999999999,25462,79.9,921590,95.8
2022-05-05,3509583,59.599999999999994,1523580,64.4,174600,61,150100,57.99999999999999,25903,84,982930,99.5
2022-05-06,3196285,56.699999999999996,1353750,59.9,154300,52,129400,48,23411,82.19999999999999,953902,93.5
2022-05-07,1844331,57.3,706551,49.2,72900,65,68600,71,13033,71.8,841086,84.8
2022-05-08,1583582,76.4,630228,75.6,73700,79,73000,91,15375,78.5,891361,104.60000000000001
2022-05-09,3121070,57.3,1428758,67.30000000000001,163700,56.00000000000001,140900,53,22008,83.5,917036,101.29999999999998
2022-05-10,3420078,59.3,1504314,65.10000000000001,175800,61,158600,61,24148,81.6,933451,99.5
2022-05-11,3447537,58.5,1514922,64.3,178100,62,156800,61,25548,79.9,948266,96.89999999999999
2022-05-12,3436970,57.99999999999999,1495220,64.3,169500,59,149200,56.99999999999999,25158,83.5,981139,96.2
2022-05-13,3258052,57.8,1410923,62.5,164800,55.00000000000001,140100,52,23539,82.69999999999999,998394,97.89999999999999
2022-05-14,2149115,66.7,840921,58.599999999999994,89600,79,86700,90,13580,74.8,918398,92.60000000000001
2022-05-15,1760364,84.89999999999999,692876,83.1,76100,81,69700,87,13379,68.30000000000001,908702,106.69999999999999
2022-05-16,3086039,56.699999999999996,1396300,65.8,163400,56.00000000000001,140700,53,22187,84.2,898690,99.3
2022-05-17,3543280,61.4,1519740,65.7,182700,63,162100,62,24353,82.3,951399,101.4
2022-05-18,3612422,61.3,1511142,65,182200,64,161100,62,25365,81.2,982156,99
2022-05-19,3474117,61,1426027,65.10000000000001,172500,60,150000,57.99999999999999,24271,81.6,983011,97
2022-05-20,3277954,60.5,1396732,63.4,175700,59,146400,54,23767,85.5,1011794,96.3
2022-05-21,2326775,77.2,883795,66.3,94300,84,92600,96,14985,94.6,983575,108.89999999999999
2022-05-22,1762501,69.3,683500,64.3,78600,84,72100,90,13279,72.1,920057,104.89999999999999
2022-05-23,3118111,55.800000000000004,1431781,63.1,170500,59,151300,56.99999999999999,22696,82.19999999999999,943933,97.6
2022-05-24,3385529,62.4,1488152,68.30000000000001,182600,63,163900,63,24560,86.7,942307,101.8
2022-05-25,3433392,60.3,1493506,67.80000000000001,178100,62,158800,61,25418,86.4,959442,101.2
2022-05-26,3347608,58.3,1464696,66.9,176500,61,148000,56.99999999999999,24866,86.8,1001574,102.60000000000001
2022-05-27,3036867,52.7,1353398,61.1,167800,56.00000000000001,135300,50,22894,82,975898,93
2022-05-28,1874966,59.099999999999994,788135,55.400000000000006,91300,81,77200,80,12805,73.8,833464,86.3
2022-05-29,1757512,69.3,701173,64.7,84800,91,77000,96,14490,80.2,891666,99.5
2022-05-30,1697221,65.2,755616,65.60000000000001,80500,86,68200,85,10771,99.8,839398,106.60000000000001
2022-05-31,3182743,57.599999999999994,1426470,67.60000000000001,184100,64,163000,63,23778,80.30000000000001,968335,101.8
2022-06-01,3388381,58.9,1465383,64.1,178700,62,159100,62,25586,82.8,943747,97.7
2022-06-02,3358685,58.699999999999996,1433303,66.2,170500,59,151500,57.99999999999999,24764,83,959324,95.5
2022-06-03,3289449,57.9,1431042,64.2,174500,57.99999999999999,153700,56.99999999999999,24838,86,1002106,97.2
2022-06-04,2179868,66.7,904623,63.9,93400,83,92200,96,14409,80.60000000000001,957009,98.8
2022-06-05,1726344,66.7,691644,63.7,75700,81,74000,92,13955,77.8,865693,97.1
2022-06-06,3098733,58.699999999999996,1411725,68.8,167100,56.99999999999999,148200,56.00000000000001,22794,87.5,892799,101.69999999999999
2022-06-07,3399393,59,1440940,64.4,185700,64,163800,63,25256,85.9,940766,98
2022-06-08,3499919,59.5,1496144,64.1,181100,63,162400,63,26058,81.3,958676,97.8
2022-06-09,3303587,57.8,1333103,61.1,179500,62,157500,60,25135,85.2,975009,100.4
2022-06-10,3382429,59.3,1435660,64.3,187800,63,159200,59,25437,88,1028117,98.7
2022-06-11,2233286,69.8,870550,61,117900,105,95100,99,14776,82.3,961805,95.19999999999999
2022-06-12,1675816,71.89999999999999,626471,59.8,80800,86,74600,93,13440,72.1,883990,94.8
2022-06-13,3175289,58.199999999999996,1440429,66.2,174300,60,150400,56.99999999999999,23697,87,943626,99.3
2022-06-14,3502098,62.4,1493761,71.1,191200,66,174300,67,25372,84.1,954427,102.60000000000001
2022-06-15,3533955,61.7,1478668,67.4,192600,67,169500,66,26904,86.2,965644,99.6
2022-06-16,3416344,59.9,1397317,68.5,190200,66,162500,62,25856,86.4,993952,99.4
2022-06-17,3253415,58.5,1397243,74.8,187200,63,148600,55.00000000000001,24338,85.3,1036376,101
2022-06-18,2189248,66.4,884050,63,106100,94,94100,98,15136,87,987511,98.5
2022-06-19,1727665,65.8,693231,61.7,90600,97,80700,100,15622,83.6,946443,97.7
2022-06-20,2464668,45.5,1077190,50.7,167700,57.99999999999999,138100,52,15440,56.8,942148,96.1
2022-06-21,3346976,59.599999999999994,1408052,67,190300,66,172400,66,25299,83.89999999999999,951906,102.3
2022-06-22,3364023,58.699999999999996,1361456,62.1,178900,62,164200,64,25774,82.6,937068,96.6
2022-06-23,3414201,59.9,1382605,67.80000000000001,188500,65,169100,65,25286,84.5,1004103,100.4
2022-06-24,3302478,59.4,1331442,71.3,187800,63,161600,60,24414,85.5,1035312,100.89999999999999
2022-06-25,2287013,69.39999999999999,888953,63.3,106000,94,102500,106,15274,87.8,994834,99.2
2022-06-26,2012595,76.7,696910,62,102500,110.00000000000001,99100,123,14574,78,962670,99.4
2022-06-27,2938858,54.2,1279403,60.199999999999996,171600,59,149300,56.00000000000001,22331,82.19999999999999,928436,94.69999999999999
2022-06-28,3255241,58.9,1328144,63.1,200000,69,174900,67,24179,81.10000000000001,960666,100.4
2022-06-29,3256053,56.10000000000001,1325530,58.8,191900,67,169100,65,25392,82.6,977984,96.3
2022-06-30,3157979,55.800000000000004,1300241,62.4,191900,67,158300,61,24651,83.2,1011864,96.89999999999999
2022-07-01,2832840,51.800000000000004,1221837,61.3,151200,51,117800,44,23983,86,998259,95.5
2022-07-02,1849135,57.99999999999999,827668,62.1,84500,75,75200,78,12878,80.10000000000001,823425,85.1
2022-07-03,1656683,54.800000000000004,703282,63.9,86600,93,73900,92,14822,86.8,845877,90.7
2022-07-04,1610232,59.199999999999996,689986,61.8,85700,92,72500,90,10976,84.3,772949,100.49999999999999
2022-07-05,2808749,51.4,1246208,57.4,170000,59,150200,57.99999999999999,22800,76.5,925869,97.5
2022-07-06,3072910,55.1,1330990,61,173600,61,153500,59,25372,84.39999999999999,917894,95.7
2022-07-07,3122067,56.8,1333373,64.1,173400,60,151100,57.99999999999999,25119,84.8,946553,97.5
2022-07-08,2907947,53.900000000000006,1249434,61.3,163700,55.00000000000001,134600,50,24108,86.8,949529,93.30000000000001
2022-07-09,2063982,68.10000000000001,885289,60.9,92800,82,89800,93,14546,84.89999999999999,917802,92.30000000000001
2022-07-10,1683057,69.1,707984,62.7,82300,88,71200,89,14147,78.7,921110,97
2022-07-11,2882750,54.400000000000006,1312895,62.7,167500,57.99999999999999,148100,56.00000000000001,23255,86.1,913992,96.3
2022-07-12,3155100,56.89999999999999,1350346,62.4,180200,62,164500,63,24697,82.3,913137,95.5
2022-07-13,3235923,59,1365172,64.5,178400,62,166200,64,25800,84.5,944299,99.7
2022-07-14,3209517,59.199999999999996,1355975,66.3,174800,61,159600,61,25312,87.3,977841,100
2022-07-15,3027178,58.099999999999994,1291217,62.9,171600,56.99999999999999,148900,55.00000000000001,24177,89.60000000000001,994183,96.7
2022-07-16,2093270,79.10000000000001,859537,67.60000000000001,101800,90,98200,102,15226,101.49999999999999,939649,101.6
2022-07-17,1674929,76.8,701796,68.10000000000001,82000,88,80200,100,13868,89.7,900361,103
2022-07-18,2725413,53.900000000000006,1208576,60.699999999999996,162200,56.00000000000001,132800,50,22670,86.1,877737,96.2
2022-07-19,3175421,60.099999999999994,1369613,67.5,180700,63,160300,62,24933,85.8,932398,101.89999999999999
2022-07-20,3196994,57.099999999999994,1354519,62.1,180700,63,157000,61,25590,84.2,945289,96.5
2022-07-21,3114911,56.00000000000001,1298440,60.4,173100,60,150400,57.99999999999999,24308,82.8,954280,94.1
2022-07-22,2947569,55.400000000000006,1262763,61.9,174900,57.99999999999999,138100,51,23926,86.6,993037,95.7
2022-07-23,2028379,66.5,860293,61.5,99300,88,86200,89,14503,85.9,945847,96.1
2022-07-24,1595741,65.5,670831,59.599999999999994,82700,88,68300,85,12751,70.39999999999999,908767,95.39999999999999
2022-07-25,2730833,53,1209652,58.599999999999994,163500,56.00000000000001,140400,53,22355,84.6,893016,94.6
2022-07-26,3178537,58.9,1328674,62.6,186200,65,163000,63,24990,86.3,942025,99.3
2022-07-27,3235436,60.3,1319179,64.5,185300,65,161200,62,25759,87.5,957557,101.4
2022-07-28,3134431,57.3,1201573,55.800000000000004,173300,60,156900,60,24413,84.39999999999999,974290,96.5
